foxtrot	02WOiWd3Z-0_052	301
samba	Clez1pjv50Y_106	251
samba	OmsD5qv6uPE_039	251
waltz	mWEhW3gomw8_029	300
flamenco	ijRrDHeAcTg_021	300
rumba	R8dwN1_Npho_019	300
samba	YPsX3NKrWZI_020	251
square	Shz1mpjHktw_106	301
rumba	PHMJ74fdqVc_010	300
swing	gisafTmbVd8_158	300
break	a9x8Zq6an24_058	300
swing	V21PEmv_8yY_029	300
tango	zcu75HUX4Bg_020	301
ballet	gREJlNlEhRU_100	300
ballet	CNh2kHhY29Q_141	213
flamenco	VOqaphuiQug_003	300
tango	f_B1okk4iIo_033	300
swing	NjWQgLsyggI_035	251
square	NPHJnbCeg7Q_015	241
tap	np4Qt-Ma_vg_001	291
swing	qO5wMN-ZC_s_028	241
ballet	LoigxYt5Hgk_122	300
pasodoble	S18L1ybX3f8_035	300
break	Xt3Ce6RnZRM_024	251
swing	rSOFI1misJg_035	300
tap	JIcQe0iFX3w_044	241
jive	_SOL00vts4Y_050	241
swing	azjibU7_4z4_045	300
ballet	ONY1CO6KEhQ_020	241
flamenco	9YJWZDncb3c_124	301
samba	dtU8mCSp2RE_302	251
quickstep	9xLsInICoHo_049	300
swing	pNcsbZax_OI_015	251
cha	MvAmH5vMjn0_014	300
pasodoble	SH2ZkjsLpqM_104	251
tap	tPsr32TXMzQ_044	301
rumba	gxR3VfT9EA4_003	300
tap	1BpMnODNrlQ_036	300
flamenco	F-VKHmIG_XQ_037	300
jive	GdgSd2XEODg_028	502
tap	GB2yiIoEtXw_147	241
swing	FunRvh1OFBY_038	251
rumba	4-qRIyou-2U_010	300
waltz	uiAsItFDBsk_010	300
rumba	edoQlG3NTLY_015	241
rumba	6ZA1_ToVVoA_039	251
foxtrot	X4xHzqdq0gE_056	300
tango	dkZigQYTUJo_044	300
waltz	NfaWhm4Ds2Y_055	301
quickstep	Y94TgeL0m0s_036	301
quickstep	sm91ToMRUnU_052	300
pasodoble	5eYXpS_UHh8_054	251
flamenco	pfrrAgguA1U_145	251
jive	gWvz_N76Tag_047	300
quickstep	uQMh8N3Ug5g_040	301
pasodoble	eJN2uMf9Vl8_032	251
jive	m1I4ciF72pM_041	502
swing	knNGmAH2TPU_040	251
foxtrot	0b7Ste-L190_015	300
rumba	Hx-3xGDhzV8_028	300
quickstep	NmfDHiMLk58_024	300
swing	ToOYmxoA0Fg_025	251
swing	Am1z2_BW_kc_203	251
latin	v0eF7UhEW-A_055	300
quickstep	pVUVp87SuMg_031	301
quickstep	BrqQ6IZT4MA_008	241
rumba	PolZ7ngquHE_015	301
latin	ORhLk4CErFs_010	241
tap	oEW3JOzgu_Q_023	251
swing	naH68eSm2H4_202	251
tango	8p6MyuvAebg_013	300
tap	268L4qbfxyA_028	300
cha	HQ8QeZ5n11M_030	251
swing	5Q3JjTE-qYE_050	300
samba	CdLQ0f9NBQQ_002	300
ballet	9WvQamsXuqI_050	241
latin	OVI0tBDQ-6g_108	300
rumba	HknJUs3gPuE_359	241
tango	Nb0iHhNtX38_009	300
pasodoble	JAZXRG2fA28_046	300
ballet	1hdHc1hJAWU_005	251
swing	UY9pmRFPpbE_026	251
ballet	3xjpYjLO1aM_030	300
cha	HknJUs3gPuE_214	241
ballet	9QTYNnEraLY_030	145
flamenco	-2v52ne80Qo_244	300
foxtrot	j_GUMFIzaII_047	300
waltz	z49Scf6Eud4_016	301
ballet	vrXQ8uAnipo_021	180
cha	T2FEGwZjKwU_022	300
pasodoble	pigr3J7sefY_041	241
jive	OmsD5qv6uPE_936	251
foxtrot	gVqYJYD8dnE_049	300
swing	AehnnJzWO80_103	251
latin	RKUqbv5EEoU_114	300
foxtrot	frTrXsUoro8_013	300
swing	8DwU6-M_FsY_040	241
square	075zOIBxw40_040	300
swing	ZVDnzh7qVMQ_027	300
tango	jY2osKpEi4A_018	301
pasodoble	S0a5eQgr94w_909	251
flamenco	AoCgCJyOj2g_007	300
rumba	eVRbQFgBkts_022	300
waltz	Ig0iqE7_-3I_030	301
square	2-CGdk8ouCY_234	300
flamenco	sLFH01qJT3k_037	298
swing	skOY_OHA_KM_018	301
latin	is9wrZ0ShZU_322	251
cha	xg-qSlKNpl0_007	300
tango	mBt-cEgqPwc_410	300
rumba	a41fSGgMMaw_018	300
pasodoble	OmsD5qv6uPE_751	251
samba	3oEjr90Oiew_032	502
pasodoble	7n4c69nTYeo_028	251
foxtrot	sRAgy-3S9BY_411	300
latin	YO-4NRov2e0_034	301
swing	ylsMMsla6M0_012	241
flamenco	--u1fww3vgs_048	301
ballet	i1hR3-DVlR0_115	251
break	2oRysW2mm4A_010	300
quickstep	FcKMOnNK3Lw_002	300
pasodoble	1p7Zm9CRgrI_021	251
jive	ags0RRqfYRI_042	251
square	CDjIj4vgmvc_008	151
tango	yfzpR25btwM_113	300
square	re7ytg0AVAI_020	300
foxtrot	rUAH9ctjzaA_014	241
jive	0V-kTdSgUow_038	300
rumba	uKE-UnXbnL0_036	301
swing	Zh6Dy9RaBeQ_015	300
jive	2fs4E6KHqd8_046	251
samba	ggNNqhwDrWk_437	251
cha	hxbapfGTxts_004	301
rumba	nJMu5a_eN6Q_051	300
flamenco	K5igX8ehx0c_053	251
break	Mc_-bckuHNY_045	300
flamenco	hEK-ACY2BF0_059	251
samba	1e7EDPldTuw_157	251
latin	QmL0QYsctV0_030	251
tap	WxA6OgucAcM_220	241
square	L66k9o_7_QU_036	300
cha	v9PFlYnlkj0_031	300
tango	Wh7yyIaI2XI_126	300
flamenco	2Y1bQIZY1Vc_055	300
flamenco	9lVv2RBLesk_029	300
ballet	9VhxpHgPTy8_005	251
cha	AV8y1PNmrTg_110	251
cha	zJ392rOjAP8_039	251
latin	tftX2rlfs1g_050	300
square	A3X-mPB2MYQ_004	241
quickstep	dihHypWDsDo_012	301
waltz	zUp1K5UTqKA_042	301
square	y_jaMF3Vzkc_103	300
tap	zkz7AeJDZ54_013	300
quickstep	Oga6RxeUVIo_007	300
jive	XjE9Gpc_jnY_022	251
flamenco	qAm4z2EJjQU_100	251
quickstep	_6YXgJATdVU_044	233
break	7t-aIKgHCoI_302	251
ballet	QnArX3S4AQ4_100	300
foxtrot	fNJqZkDpcfA_049	251
flamenco	97w_mvV7C9U_520	251
latin	zXqNSI2OH8g_153	300
latin	HQnYvmAgQTY_029	210
latin	Tz7eGxzEM3Q_044	251
square	SXiIG7dx-gc_036	300
jive	oEmta348sQg_024	251
quickstep	L43rbQi29zU_007	300
break	4SQVm2fyLH0_053	251
waltz	zchjlpArkDw_009	300
flamenco	fEqazI4eezQ_216	301
cha	yABsjxsZxfQ_019	301
waltz	Ed2_IC1v3v0_053	301
rumba	PqagOrN6HdU_022	251
foxtrot	1vp_bZZW_sE_035	301
break	v_XbJRPzlAQ_253	251
rumba	bkepCy7P6tQ_028	300
rumba	6MlvQlkjHj8_022	300
cha	lVQrGyrQ8P8_105	300
quickstep	zQho9w1Rpvw_010	300
waltz	DuX-R1KgEck_019	300
tap	CTTslr6yacQ_100	301
quickstep	kxDdXUiRnYA_040	300
break	HZSi4E0452c_049	251
samba	6_hqpOxaln8_027	300
pasodoble	LXwOIHJJ7a0_751	251
swing	HLCpqxrPmz8_020	300
swing	ksyM6Zw9gZw_115	300
square	JHqS1bOOLVc_017	300
pasodoble	YWUrqxfHihk_048	301
quickstep	_YnwZjcA3X0_024	251
flamenco	NacCLcjuMFc_308	251
swing	u9wHHV9byRg_048	241
samba	kElD2DiRt2g_022	251
jive	-yOVSi7JHoY_026	300
tap	g-1RbT7J_rE_021	301
tango	LtCyhGvWUe4_039	301
waltz	qrwE0ttonjc_008	300
latin	b9-Td5NiE8Y_110	301
square	-ZAHtJppIXQ_017	241
quickstep	Q349svhKxz8_010	300
waltz	m3YhZOACYqI_018	300
jive	TvJ16p9WbBM_116	241
square	o6J9qx2Ixdo_205	300
foxtrot	TKD_iUDUKDw_007	300
flamenco	Ejb9LwpNSlg_148	300
swing	iBHdHkdFPaU_031	251
tap	yEsVpv0c8TE_025	301
latin	qdVg1ptQC1w_147	300
swing	1XRNi8vFf5c_115	251
waltz	3T-3aM3gvew_033	300
cha	wTzM1AvV-94_011	300
samba	UvqkTgdi53E_130	251
samba	lm6-Mq4_9W8_016	300
latin	CU4fkMrgTLk_115	300
flamenco	0W9fybHUSOs_110	300
cha	VKMSRWoaJKU_032	300
tap	4d7dQ2fRoHw_047	300
tango	wgrUL5Gqj7M_009	301
flamenco	YZ6G_bRGWVo_029	300
ballet	cIFB-GmLGyQ_210	300
samba	-7NLcoVA9SU_045	251
tap	D1ZYhVpdXbQ_227	251
cha	SZ2OfdtzFiQ_221	300
samba	TMf3baM35K0_026	251
pasodoble	kI5qKE4JTA8_738	251
flamenco	1QU5CyYPVp4_047	300
swing	q0htEqpnKUE_053	301
samba	6xG8Ci6kEsU_030	300
jive	1x5CdUQoHBU_100	251
samba	Z4e2G3_BBvo_030	207
tango	sRAgy-3S9BY_216	300
foxtrot	UadTF1J_vHs_016	300
tango	kWb6u32vK7A_020	300
pasodoble	YNkXsZ98DkI_003	300
square	JlIzMxNGKe8_140	241
rumba	0hXdHkxT6zk_114	241
tap	DRBRjEMIyEc_051	251
quickstep	M2QA2pW6KMc_223	300
jive	1KJXO3pF_cE_013	300
foxtrot	ZA--9Yr-2KI_017	301
swing	aS5DvL8p4I4_011	300
square	AN1xDUPt9Kw_029	301
waltz	qTuBDM63KbA_034	300
foxtrot	h4LfkNTCJjM_015	300
waltz	HJyQjQy9n-U_100	300
samba	HTYNyxsQhAw_016	241
ballet	S5HwZJQ8NuA_011	251
foxtrot	HJyQjQy9n-U_350	300
pasodoble	149H8vWSbFY_837	251
foxtrot	Ng1Qeu-2RQU_120	301
rumba	uVxKdOO8FnQ_046	300
tap	qHYD9R_r4Ro_017	300
pasodoble	Z7xo0G0I2hE_655	251
tango	MIgs0QVQhkE_020	301
pasodoble	-cry9v7ImO8_634	241
cha	MPeJFpNr_VA_012	300
quickstep	9cWWK2IO9NY_042	300
quickstep	cC_U9ZwCUpE_031	300
samba	YcvHq7kn9lA_043	251
ballet	o1eV2Mgc_BI_018	126
tap	IteILIXjDcA_037	602
pasodoble	6UYQWmufctc_014	300
latin	lTYM8MYjRDc_047	251
latin	heJXZdT-ne0_358	300
square	RpbBVHlC8SU_056	241
square	vcfdtkrdtGc_031	300
ballet	2SMmL6kIx-w_053	226
jive	N4MaOAEaUkw_058	300
ballet	fYmTBeUxjC8_133	241
swing	ofdFj_giGWU_048	251
samba	GIXFY4zdNAM_022	241
tango	AQ7HEnCtnJg_012	300
cha	S3Q1EiTV9xA_030	251
jive	FVS-7kfGT18_042	251
samba	NjIuTO7m2p8_027	251
tap	HE35eV2pDv4_048	301
latin	iRntFnMArIU_206	300
rumba	WreUUX3zlBY_045	300
cha	PZdJVUQrem4_107	300
cha	JQ2deSrahFE_056	300
tango	5LxiCFVBuSI_027	300
latin	t5GNJd-uLyM_050	300
tap	o6fseiCsRA4_202	300
foxtrot	gsrmD35K4VI_005	300
quickstep	BcWyfmhkuVE_034	300
waltz	xXWPf8wnhdo_033	300
cha	YIGpnkYy0kI_014	300
waltz	ui0LwWviGeM_041	300
quickstep	Pi4G088ptBk_046	300
latin	Hq1tAsV-3II_051	251
foxtrot	8uMn7XUF36s_025	301
foxtrot	keelWKQGWIs_030	300
quickstep	V3oy-SXMZds_749	300
jive	ni5xqU1wYx8_023	251
foxtrot	XR_Hwtfz5s4_018	270
ballet	pBAY_XH3sgw_010	251
square	pPJ6V6L5_mM_032	241
ballet	hfzAXUkzlMo_014	251
jive	naPHSdReBBY_052	241
quickstep	G6NLXj0NebQ_040	301
rumba	uXJD4RlO1B8_043	300
break	jLPo2BIigZg_036	300
square	y_SJ7h7U56o_012	300
square	FhcTmd5AiuM_131	300
swing	DILm3W8IhEg_024	251
latin	YnjwNIfcOeU_043	251
samba	PGGmSlCZctU_038	502
latin	u9JAvVmJA9A_050	241
cha	hXUzdjMl6rE_031	241
flamenco	SjfklrNFJY4_110	299
tango	gu43cNIDyDc_019	301
swing	o_Z3AFKHxSc_045	251
ballet	hqOmSVMgoG0_428	126
cha	Q9b7vleZd9w_001	300
cha	3ZMH4j0Hqv0_033	300
square	mk7l88yKNQo_006	241
jive	8gUVtMYvJ0E_035	251
break	_UzMJuR1T0w_012	241
break	Xw-VKan4ypA_132	300
cha	uDEJtsBliTE_104	300
square	Z9vffJJJfNA_027	241
cha	Z9MhFtJt6Ms_029	300
foxtrot	Ybapt7P96wI_506	300
tango	-638J1hhteA_019	300
square	0SfLyyGINyA_053	300
break	PlVIMP5iRdY_011	300
foxtrot	sFqXe2oMBRM_037	300
foxtrot	VKx8OMf_j5Y_012	300
square	tGQCKZRVTio_316	301
pasodoble	A01yN785Yvs_019	251
cha	eEiLUAR7HkY_046	300
tango	oAim7ILCZTw_115	300
square	gGigqJmz_hE_013	300
break	ToFyPVocxMk_037	300
pasodoble	9vtnyIbOfrs_106	251
foxtrot	cZ93eIDzYIA_017	300
cha	vO7FB594eiw_033	251
rumba	QIvPo14UVkc_007	300
cha	CwJx9eEdo54_049	251
rumba	wfZRT40TkO4_023	301
quickstep	X53uafpmFgM_043	300
rumba	cE76ghvZ4ns_030	251
latin	aKOChOei2JQ_050	300
cha	i2H1zHJYp2E_036	301
tango	3zCT36UnEcA_220	301
cha	VEeLT-RTCiM_035	300
latin	nIIVfIRsMnA_100	300
tap	yRrDlXD1w58_201	241
pasodoble	yShShty0SJg_054	300
foxtrot	uDU9WN2GrSY_015	300
ballet	XwmwsGT8IQ4_510	121
ballet	0cTtPWmpGdc_023	241
ballet	hkOijGdD6jo_037	300
rumba	XS6s71pfBPQ_119	300
foxtrot	DyTgd4NvH38_026	300
break	bmcemnynJuU_105	251
pasodoble	S18L1ybX3f8_014	300
jive	x7HvaCCi9-U_036	300
waltz	djL040jEDqU_013	301
ballet	pg5IJeXW6cw_010	300
jive	nFYm2cNWfxs_019	241
rumba	IZ13fZbpJzU_022	300
break	wTrDn7Mj4MU_043	241
waltz	K7M1tOTH_qE_104	300
flamenco	YfzplJh_XaY_036	300
tap	Rl88sW_rtv0_115	301
square	JHqS1bOOLVc_050	301
swing	BDv7NhMjhg4_435	301
foxtrot	_3o3zsW1FIQ_112	300
jive	JLsNSFRHAu8_027	251
square	_jjx_Z7AmzI_012	300
samba	cF3usGUzXh0_036	241
break	4OEuiJX-Syg_039	300
rumba	h3hvqvL1kZ4_053	300
swing	Npe8Vv_YH3Q_020	301
tap	T1MXCjyVDzc_135	300
tap	uOx2y_xXtiY_007	300
ballet	cw8YnWs4wp8_022	300
foxtrot	kQtAMqHke30_043	300
tap	dOw42fsEfWY_033	301
latin	01f-oLGZv1s_017	251
quickstep	_0PbUDDUKSE_027	251
square	SBfImn_ld4M_010	300
waltz	HJyQjQy9n-U_535	300
latin	u1ZCTSdlujY_230	241
jive	hCrnBsJFA0E_012	251
tango	Ap9Xj0OBgJ8_043	301
break	DC37C6TcYe8_040	300
swing	KnCVeiz9p3I_033	300
tap	iHQ5WiJF_Mw_033	301
swing	HtXSPYEiKCY_037	300
square	CVfCNbFc23Q_007	300
jive	tGNPzBEDo_I_910	251
break	BLJLTZEXym4_030	241
pasodoble	HknJUs3gPuE_631	241
pasodoble	_aUEUq49gF4_050	251
waltz	heUmbkFfPWw_043	300
flamenco	9U5TNavFpF4_004	300
rumba	rQmRJFC00xg_715	251
break	MDzsZxSj0mk_125	241
ballet	BVM8AP3luyI_015	251
latin	PZ767hTMs4I_120	300
jive	W1fp_IW3g5w_023	300
waltz	2-SpbbnIlBE_008	300
rumba	SZ2OfdtzFiQ_446	300
tango	ETcDfLqzyHE_010	300
ballet	ql3o-1eSdbQ_145	251
ballet	OZ97W_rRGiQ_647	251
break	J5s1ZJXkarw_018	300
tap	1MxLu0PisK4_019	502
square	ZLzBWdBswmY_036	300
ballet	mZYD8mCS5Vc_720	251
latin	4U13C3huAm8_043	241
cha	yzoICR6Z7ns_005	300
samba	tBJO6-FRXmE_024	251
tango	QpXrvqsD67s_020	300
swing	n4hMHNodJbU_035	251
samba	B6eRMhFCyII_052	251
quickstep	fINnVBdfIRY_010	300
jive	mMFAmaqmLX0_026	251
rumba	3lgWQJpz-ZM_044	251
break	UBdYHMxMgiw_022	251
tango	yBogGeFGunE_047	300
quickstep	e7vE2jdmXbc_007	300
pasodoble	ftq0WWSr-fs_047	300
latin	p0jKdU6cgOk_027	251
foxtrot	2EvK7EwOqzg_122	300
flamenco	4g4nNGjbpwY_157	300
waltz	sPGNU2pZ-mo_103	300
foxtrot	E4Wl4T2LJ9A_523	251
break	P17nzRf6HiE_020	241
swing	c4XT7yVeSSo_016	204
tango	UlgGleFjrMo_059	301
foxtrot	wzIocD6QAqg_016	300
pasodoble	6_5ctcQYVCE_055	251
samba	OQLdXQ6d1s4_305	251
quickstep	vT7dR72319I_045	300
waltz	DrLPmyGCALw_035	301
waltz	RfeFZcXfuls_014	301
pasodoble	hBC-EzG8_xg_034	251
jive	lwalbME9pKI_106	241
square	kSNzS9zObCw_002	301
samba	KoyIHRbKQHc_017	241
swing	x_txHMDll-g_034	300
latin	dq6x7cvEJdM_040	241
quickstep	RMw_7Bs6d8A_038	300
swing	iPvhbZR0vos_106	301
flamenco	W6_7IG7C3Vk_052	300
break	-kT0HJhm5ck_039	241
ballet	H50e7FgcsQE_033	251
waltz	_tC4-7YSCU8_030	301
pasodoble	peC22IsBDQw_023	300
break	wPXxHyViTW0_040	251
break	IzgPV9TpX64_139	251
flamenco	EZWEk2Crh34_105	300
tap	MPW-geOjDG4_246	241
swing	4tHDQQSvI_U_010	300
ballet	mZYD8mCS5Vc_307	251
ballet	-5Yp-vToI2E_016	241
rumba	tjeUiuPI2Vk_010	300
square	jWQ9N2alkaA_159	241
break	FgH6ZEhKZaQ_143	151
swing	W38-MfFBQ3Y_030	300
cha	-0VmXQA-RaU_020	301
tango	bFFMIYUEDq4_039	300
rumba	pUZSvYHGHls_011	301
cha	_emKFNoDOds_034	301
tap	wYpKU87nPYM_125	241
samba	08hJ2pbtNVY_035	151
break	J4_V3Q1LZvQ_037	241
cha	3KKxhwwnL0o_014	241
waltz	JQQ-tZFe1fc_105	300
quickstep	IqkDYzkBExw_048	214
quickstep	OrKpF6T0NRM_047	300
flamenco	4hbhkIWSX-Q_353	251
swing	SjRsHRnnyEg_046	251
tango	DuX-R1KgEck_208	300
tango	s1FBlGyv4TU_051	300
square	pqUAtFmQlrE_008	300
ballet	m4A6PLeGIB4_005	251
tango	8LMvAf5ftZ4_008	300
square	ppV-LZBeDko_003	300
latin	LROmVrFdlzE_040	300
quickstep	tAf1J7nWlxI_006	300
rumba	VCPQ4q1_AmE_008	300
break	Cg-5lC_KS98_050	251
latin	8qAGcFpaUlc_032	300
cha	sKiXFaH0UPc_016	300
swing	8l5pczCZw04_033	300
flamenco	Wy5nqf_WeWk_210	300
jive	qZYRh9nLSBE_027	300
rumba	gHKzWCvsEvs_026	251
quickstep	miLlSSRxRTU_019	300
break	hY8de4NKa0s_059	300
jive	AMZh_YPVSjs_051	251
tango	uQ1o81nYonI_004	300
flamenco	XNhfV_53W7A_030	251
square	LWhD1md44gI_006	300
ballet	0aUhNK8tJPU_035	241
tango	HJyQjQy9n-U_158	300
square	zWi6fadQEkc_036	301
rumba	UU1yPSpPmUk_049	300
break	T0Hxyi-QPPE_123	300
samba	Yk32mUWrsAQ_032	251
pasodoble	eocVi71fGuQ_054	300
ballet	tX0gxJTGBKM_110	300
pasodoble	a2UussWxF_o_020	241
jive	q0AajeTRr80_041	241
tango	ZSdLqCZ5WJo_040	301
swing	ynp0pfUMRtE_032	300
foxtrot	99oWaQPa7tc_140	300
quickstep	AEr037iBrzw_027	300
pasodoble	rZBImFtLhxA_047	300
flamenco	SY6Vy9tKW3U_327	251
quickstep	Yc3p4_WGhUU_006	300
cha	-cry9v7ImO8_227	241
rumba	GZmaUoUrSWg_100	300
waltz	hNZ875Eibnk_053	300
tango	BCIqkUblDpM_026	241
tap	mg0skqqSGAs_127	301
latin	YjgSQDvMNBc_030	300
jive	v0ARZ5pW6yo_138	241
waltz	-2W1PfHleRM_033	301
break	y6kboFhoxow_106	300
tap	LAU8eBek_NU_031	300
tap	dNTkPcdAXks_037	300
ballet	J9iXXoigZs8_520	251
quickstep	LAsXeh5SOUY_010	301
tango	AXhCzjiIqRA_043	300
pasodoble	xn3HzlblLAo_738	251
square	ZFGbV_1YbY8_120	300
latin	xIT4YI4n-0A_040	300
rumba	e48oXGnj6mE_013	300
tango	ka6Z7PXVrSM_109	300
waltz	OaXTcWA3A1Q_014	301
swing	i97J1c943LY_013	251
cha	9grDHvFCWyA_015	300
samba	S0a5eQgr94w_442	251
samba	qy1vXzdQj4Q_011	301
square	0x1fVsK_puU_011	300
pasodoble	d3ew2Sx43uw_051	251
break	44kKLeDKIIc_110	300
cha	uzkaV1xapFc_118	300
pasodoble	fQKwpeg0dOM_005	300
tango	uiAsItFDBsk_300	300
rumba	5_lRr4nRa4w_033	251
square	fOFYb-r2Cc8_153	300
waltz	e9b7MPhyzjU_005	300
break	dNVSVlow_a4_152	251
cha	75Ano5ECzY8_105	300
jive	g-T_i_dpUPM_144	251
latin	8CFGxVhwU8A_041	251
tango	GvyTlvSShv4_034	300
flamenco	N3ieIRBoDDQ_028	251
latin	OpRAmD1bHVI_036	300
foxtrot	WJaKRTWufco_014	300
ballet	rd1SDbQbHvM_010	300
break	ndUDTMBzJmU_020	301
rumba	10Vh5JJ32ks_025	241
rumba	WhJ2Ljc_MX0_129	251
swing	pT2h5WiJ7Qc_140	300
swing	e62p_K4-Cvc_028	241
tap	MZ-6MPSt9DI_110	241
tap	FkUCYlr7r44_044	300
samba	n-8r880oKr0_132	251
tap	SEbD8j_c7Uo_128	241
ballet	W6Hxyg5pnSA_028	251
break	NsrYSHQnZDI_046	296
ballet	HfBiMFgM5vU_049	300
jive	bACnA7yxxpI_014	241
tap	cUrs9z5VcJE_051	301
quickstep	jPDdURT1aYo_057	251
rumba	mXheNYNTfkE_045	251
ballet	XQ2g5NXq0QI_246	251
pasodoble	lJ8WOqwqkkE_103	300
jive	NxR4Wn2EcfE_024	251
rumba	ixvrsdppMsk_035	300
tap	xz2V44lQlqA_035	301
pasodoble	YUV2U6IC6Hs_053	251
tap	AG5StoMM7o0_051	300
pasodoble	1dQd_4dBtEA_027	300
foxtrot	Cug_H_G1-Ic_040	300
break	7eonD7CQs00_047	251
jive	DpcNS1qkDtA_029	251
pasodoble	UDMX-EX8fM0_024	241
latin	bOFgpzWobbU_050	241
cha	08rWdLdm3Vk_035	300
latin	ACzxHHCEgNs_029	150
tango	r1AEsFzZYQw_056	300
square	q975LcgLX-E_036	298
foxtrot	xyQdrpHtrqw_022	300
break	Df-zWhQhC50_048	241
break	SxMRYmSKr8w_016	241
latin	Cm0rzK9KHJA_034	251
tap	OAfHveS6cMw_052	151
flamenco	4CKtLabIApE_049	251
tap	YctI_K2-KCY_026	251
waltz	oikcRADJbDc_036	300
tap	ISeCp56ud4I_056	301
samba	SZ2OfdtzFiQ_028	300
square	rjVWSVA_gWE_150	241
pasodoble	FS8nYPbxjwI_028	251
square	GyfPMmX_jj8_059	300
pasodoble	tK4urv9uIIU_104	251
samba	e07OoQH7I0o_014	251
samba	wjSPL1th5oY_040	251
jive	H8TKdPjvjMs_040	300
cha	vVPUkd5FNk4_047	251
samba	tQy92Afrllk_042	300
square	G8k8H2GjUIA_030	251
foxtrot	HEaSQfRw2No_004	300
swing	u_z2Tsoa2iE_039	301
tap	VVQ0JFzXMgY_320	301
quickstep	lbI2jqpOWX4_029	241
latin	3nd8WQy58Pw_850	251
foxtrot	QqM6lXluCMw_023	300
flamenco	DFRTTIKF2As_058	251
rumba	qxTaZQXmd_U_032	300
ballet	T4Q3OLE491U_117	176
pasodoble	UteCuS0GlCE_050	241
break	hAhQLB2XzRo_035	241
jive	GzfD1EIZwSI_037	241
foxtrot	TFVX_ekWkDw_057	300
flamenco	D88FTGscSuU_038	300
pasodoble	tGNPzBEDo_I_722	251
foxtrot	EUGKVmN0DOU_021	301
tango	SzWNayeS-K8_009	301
cha	-AXfEN_LJl4_011	301
tango	MZ1tmTqt1Kk_031	300
waltz	g9MJ5rPvASI_008	300
tap	KBeyu2HBkag_045	300
foxtrot	FeXlMzVFfF4_032	300
tap	-ZxOm8B-BX4_020	502
pasodoble	zpWOSeu3OZc_055	300
jive	Y0Z3JXimxJk_035	300
square	8XgiY2Pa4Jc_002	300
waltz	nuWL11X_wjk_023	300
quickstep	DydCrso0PJo_003	301
swing	90CAxcl0CGY_105	300
latin	epWiSNsGPYc_121	241
cha	q0qwdpZdN_g_014	251
flamenco	ICfjEsFNYtA_106	301
flamenco	Ozptnm4zbQY_139	251
jive	2fiFzB5bp8E_015	251
foxtrot	fg3Wqr8DzSQ_024	300
swing	HXKqQWy3NMY_105	301
swing	QxrwmyiOYLQ_020	300
foxtrot	_7VGPSwZCzY_033	300
square	N_cQuBSo_jk_018	300
tango	0-pUvBqZ9PY_105	300
waltz	-1R5_n5Y72Q_017	300
jive	xg-qSlKNpl0_610	300
jive	qR7gkLNZsw4_010	300
break	rLC2c-_uWjg_029	300
square	F3JwWUzFkm8_140	241
pasodoble	TGvyix_esxo_411	251
latin	q-ENUJyPyrY_130	241
tap	h_YEzyEkj_0_018	301
quickstep	uhRby2yJSb4_059	300
swing	ohzSBLMohAY_032	300
jive	aB0zKWKZ1fk_016	251
quickstep	1Qx_0ws2wMM_025	300
swing	6ih6GNNym-U_028	251
cha	IHCHZJdd2JU_052	241
ballet	mQMMXBv7hYo_017	251
samba	8hBuhzxf4JY_040	251
square	HhmzXPipfag_020	241
break	V3lWySwbP1E_035	113
ballet	u--jDp2Hieg_131	251
break	Pm4-T2xhY1c_110	251
samba	gvKSEem0Ogc_017	241
tango	bFH668_otBg_114	300
ballet	cw8YnWs4wp8_117	300
latin	II-D-6srbOo_041	241
rumba	Waxr0RvB-_k_017	301
break	2oRysW2mm4A_016	300
rumba	0kYux71ndqM_009	300
jive	CSsgYejx6n8_156	300
ballet	MaV7CwS-qoE_712	251
jive	c0gvYNviGx4_022	241
ballet	evLmJCDBn14_032	101
pasodoble	w2cHAwG2vpc_042	300
swing	IVaRyjtSNnc_032	251
rumba	tfFLHVg4rjQ_014	300
square	fymBcoVn66M_020	300
rumba	E-5ttEAqxX0_007	300
square	idiF9-z-5O0_210	241
square	PStj6-3ja6I_108	251
cha	m2TthjT6Ox8_026	251
swing	NNMnfTyc4Vg_029	241
cha	cMjGFQhekYY_024	300
rumba	CRBDM68Q1_g_010	300
waltz	K4dYy6SJMwk_009	300
samba	jcq-I4Y3_xk_059	251
pasodoble	BB-LFcIP6QE_029	251
tango	wgrUL5Gqj7M_109	300
tango	RQpaRC_McSI_216	300
ballet	XAsMB3eRe6g_007	251
rumba	VKMSRWoaJKU_205	301
square	1xXePOakJGs_215	180
swing	DoAIhu_3XR0_045	301
rumba	ZbvGCDoqUJw_040	251
tap	BdIXFjOOEL4_047	502
pasodoble	Q-Nd4GAU5KU_115	251
waltz	EsMh7imAMNU_054	300
pasodoble	obT2bO9qh9Q_230	241
samba	-cry9v7ImO8_025	241
ballet	kbcIHzKyVI0_102	251
waltz	q-78v5_Cpgg_020	300
tango	SuggIS57QRE_005	300
latin	uiZcWuUBjHQ_105	251
ballet	Xj1_aETg6Ww_640	251
waltz	_U7jIGZ7z-I_044	300
quickstep	AdDiNkilWpk_011	300
cha	UKPNpi1E4oU_023	300
tango	BvTGEgR2_88_025	300
rumba	YcKXzXjNi7w_037	300
square	6wL2ucm2Wds_133	300
ballet	Wz_f9B4pPtg_020	300
pasodoble	ML3n5d4Wvac_020	300
ballet	SmRrfm1ihGg_008	241
ballet	-sEgjXxjxIw_102	145
rumba	tSAsvmhM3eY_017	300
jive	2St_nYGhtO0_033	251
samba	Iu1EY027hSw_252	251
latin	sW9TOGfrs8c_253	251
samba	8oya5vVKbzw_039	300
quickstep	BkP8sDddMsU_027	300
foxtrot	Ui9uy6dRKMs_115	300
rumba	WD-tfNxXeWw_017	241
tango	dVqPqFBZoXI_009	300
ballet	H_Vq7JnN3cA_046	241
flamenco	YSTCsA5vZNo_025	251
break	rnNe34i8sXU_133	241
cha	oZVopYD1ocQ_117	300
latin	m7nvjCIAm1U_056	300
square	BeyaJ1GCcaA_205	300
flamenco	u7yJ0ChjtxQ_037	241
flamenco	KHEBs58npvA_034	300
rumba	esh4kwOAnrs_019	301
quickstep	Ss98tBS_AbQ_029	251
cha	d5nqrwVcGWE_031	300
foxtrot	Qjopi9GICbM_051	300
tango	bHVTOfyVfFU_019	300
ballet	HEM5cG_43vo_500	241
square	EkxRtkhCZl0_102	300
samba	8GxZoulM_N0_030	300
latin	Y1v-k8TLN8A_048	241
foxtrot	SK1GA0NcsxM_057	300
break	GgeiNsyYTAA_100	251
square	1Tzhb7YFEFA_330	300
tango	UVgjpKAaufk_036	300
latin	lVfseUfniWc_014	300
waltz	q-kL4TPjOcQ_015	300
cha	gY1r5v7mmFs_119	300
tango	AVaxGhMgHMk_018	300
tango	fI1K8QObgp0_106	300
pasodoble	r3C-a8k3WsQ_104	251
flamenco	ptxn0UPUILU_047	301
foxtrot	AdRl3japXJ4_057	300
tap	UGPc3w5t2yU_020	241
samba	ehndKwt-Rqk_035	241
ballet	KAfPbrhGKcU_120	128
ballet	Acc5akNgImA_010	251
waltz	RdDop_W4SBM_013	300
pasodoble	pNcwTMVExr0_052	241
break	7iKC-e_YAVk_040	251
flamenco	JUFYLyzfgKs_255	251
flamenco	BOONaTPqPJc_044	251
latin	dmcaNDqMwRM_050	300
swing	5rixNuydqj4_115	251
tap	GbGmaCatT_k_152	300
waltz	qN2xDAiX23g_022	300
samba	VGIds6mSKdo_103	301
foxtrot	lvlsR0Sb9o0_015	300
tango	NQZKq-qnbGw_006	301
quickstep	POwmphhvuzo_058	300
cha	kR108huzV_E_036	300
rumba	US0lEYJQCJ4_011	300
tap	_Y2eap41d6k_048	300
quickstep	OXn0x66Y65s_027	300
jive	CYkyqjaQGnk_114	251
tap	NjjS29lAwf0_027	248
foxtrot	MtZ8hm_sFh4_057	300
rumba	ihk7bZwTIlo_014	300
pasodoble	HMyTAmCwwSY_022	241
quickstep	y7ZoQYgtJVg_158	251
rumba	g5D27IQnBFI_037	251
swing	WwJ5TtGmp7Y_016	300
rumba	AtEdu658plw_008	300
pasodoble	hNrzgJ_cCBo_027	300
jive	Xr6ss8pZ7fs_009	300
flamenco	gxzU5EqNL14_054	241
samba	rePZB7B5_2M_050	251
pasodoble	tG0YSlUaOmU_029	241
cha	E_QKLaXcCtg_020	300
jive	S2wwo7q91T0_118	251
tap	hzNRlVa2bUA_021	251
break	PAtczoSampg_101	301
tap	2TU7dE_9Vi4_341	241
latin	5HbFic9gDgg_033	301
break	De3p-KyB9OI_059	251
break	wJ-f773sO-k_040	241
foxtrot	AHFfvSoFeCk_046	251
square	6ee0DcgWHjw_125	300
swing	9GTrNLauLrs_019	241
break	xpTKbQ32qdQ_034	300
ballet	3iTBHVeUDgo_021	251
square	5LFl88f2aio_002	241
flamenco	qdUX0erlDqM_202	300
samba	n4sI4AzXTjk_028	300
jive	tJY7LZmKZ6A_019	251
tap	UdOKGR7MqIM_010	241
flamenco	9Y2gICFe9mQ_007	300
quickstep	EnVSdYSJ28A_117	300
jive	w4ViC3SaAds_114	300
ballet	cIFB-GmLGyQ_227	300
samba	JrzgGQlEVZo_012	251
pasodoble	6_98feSGkRE_024	251
waltz	mctigkPYN_c_026	301
waltz	-0J3ddQVBZs_016	300
break	mJPtjZp14DU_029	251
tap	kiS_5Cw-4CM_114	251
tap	VI84LYNQdqM_036	300
jive	CIFHrVg_qj8_032	251
square	UMoy_jtBbt4_036	300
rumba	akb3CJ56Dv0_044	241
flamenco	ChELLaEZ0Do_123	251
tango	4flyoSPVlHI_028	300
break	nF-1issipwU_144	251
swing	R-SzOoLlaj0_039	300
tango	L9aELK-wh0I_033	300
square	vJ7axws4kT8_003	300
tap	8Ns5jSPsqYU_131	301
waltz	AQ-izQC-S1Y_031	300
foxtrot	hpsOUaUYnfk_037	300
waltz	FAQcrMBcr-U_030	300
samba	Lb-LLPO0aIs_026	251
tap	3N77MyEBMFQ_010	300
swing	tpuZ3vTfnds_029	300
pasodoble	Z8u3yFRt9WA_125	300
pasodoble	7K5O-kCME1A_036	300
square	osVt_jfwHps_010	300
samba	MjkwHqwank0_042	502
waltz	EAWAJlNKiCc_105	300
cha	omhpzSsaU0w_029	251
ballet	9VJRYKIP67s_010	300
cha	Vl0rLfBGGXE_025	300
cha	wYITeXKYFHw_016	251
samba	PRTb7nsD2kw_040	251
flamenco	YHUvzU_qqSY_017	300
jive	cgqWmYXSeRE_009	251
rumba	UcUb-W5Qyzs_046	301
swing	dRQ-RsAXdEM_020	299
waltz	azWcLosbIVY_105	300
tap	GLaZR_CZNbw_155	241
rumba	F90-L5SFONE_026	301
waltz	rMyANjgKrUo_059	300
rumba	_x-rYJ7iwLA_005	301
samba	UuHG1C0l0SM_130	251
cha	u94WC6aWGLU_056	300
square	GWkfQMQogMQ_006	301
break	5Dip4XeTysw_022	251
cha	HVmF305EYrU_006	301
pasodoble	hCCxHSofNbU_126	241
square	-CcCpM87vac_138	300
foxtrot	t4xg5_yabdU_015	300
square	daaj1F1dYGM_033	301
jive	Z_qO2iBXLvM_021	251
waltz	MDky47JdBS0_007	301
samba	3sMjgFKqi4E_020	301
ballet	cIFB-GmLGyQ_024	300
waltz	eJDTz-5BDEI_111	300
ballet	kuc7EyfDRrI_200	251
foxtrot	6HMAc69RRx0_047	241
foxtrot	SzWNayeS-K8_424	300
samba	7huId5_C4MM_110	241
samba	Dx-d6LbKoGU_035	251
tango	MDmXbagFW6o_043	300
swing	3eYSQmsVfbI_007	241
pasodoble	QwyLQ1KqQoE_055	241
jive	S2wwo7q91T0_235	251
samba	F9K43n1wVsA_011	300
cha	2GASA28cpck_010	300
samba	JOqgZovNNpE_024	251
ballet	hBo-SPFhCJY_140	300
latin	3tST-Vz4Mx8_115	300
rumba	_v6nTrYbiB8_853	251
pasodoble	xawoNnLz3MU_041	251
swing	k0BgxtFZkoM_019	300
break	RIbH_mQ4YGM_037	251
cha	8xjwxvhswFY_030	300
tap	uBzxB0j9Vbs_032	300
quickstep	zUp1K5UTqKA_206	300
tango	wgrUL5Gqj7M_044	300
waltz	sRAgy-3S9BY_616	300
waltz	3zCT36UnEcA_005	300
quickstep	uQqUNZS7OK4_011	300
foxtrot	5e_n5JJR0g4_008	300
cha	bz_Ngw5HVpc_033	251
cha	Pk1RfQvobxE_100	301
pasodoble	ZUYn7wpRtII_027	251
samba	LdCS4aUYRzM_116	251
waltz	uD04eVdLXQo_003	301
jive	kCQIZnfYPO4_016	300
foxtrot	rUAH9ctjzaA_012	241
flamenco	gc1HCoFIyKs_024	241
samba	pnFQrNf2Vzg_019	300
foxtrot	s6JDqc44Hyo_005	301
square	6lV-mH_BSGs_204	300
flamenco	2mMpm2xzMMk_535	300
tango	tW6H80y8JgY_019	300
samba	GbgwLHXYXFY_016	251
samba	Eysv-ad4sWg_023	251
pasodoble	tJjn9Tz5htw_049	300
flamenco	odFAoWNhULU_004	301
cha	Ah15ipJWdvU_046	251
square	xH0L8Jcir1A_030	300
swing	lJBJeXA4gmw_005	300
square	7_D4xRURWbw_002	300
foxtrot	FQ6Pj0LQUS8_038	300
break	_rHO5g9KPyI_020	251
quickstep	u1XLmia4wa8_011	300
waltz	MDky47JdBS0_047	300
break	njw1rxDmUU0_025	301
latin	XC-ZAGwnmJI_832	301
cha	NvO83ppc64g_020	251
cha	rvQI4GmLrTs_018	251
jive	K3aR7iSelgU_007	241
samba	AoOS1o-r_bs_033	251
swing	HP_DW9LjcDk_039	300
ballet	pflQ0M6hGtc_233	151
swing	RVMO1PKHi4k_500	241
cha	_IcQeIX1eeo_017	300
flamenco	BDDt4eRpTf8_248	251
ballet	zWBVa2m_4Fs_050	251
rumba	TENR4qT66pM_020	300
square	IXPlfZOPtqU_108	300
foxtrot	Md0gzA2n_Mc_006	300
quickstep	dnLulUvGFaA_015	300
samba	XWgCxcuAZz0_031	251
quickstep	pW2GDCViUUg_022	300
quickstep	eEKSBowT_GA_059	301
rumba	0EB76fW-Pso_107	251
latin	d4K8ZOXeFjo_200	251
foxtrot	pW65l9g4kyk_011	300
jive	XvTGTMK2XYU_013	300
waltz	AQmHJlhUhes_022	300
samba	8nY6fyXdlJY_100	251
square	eYjNdnSX1vY_103	300
rumba	2uDf0T01saw_015	251
samba	2QKy6XonGcI_035	251
tap	YotMwwixPsw_106	251
cha	XoUH3WeYu_M_024	301
break	4e1xHY9BO8o_041	251
ballet	nM-rm68GyRk_020	300
latin	rtUKt8afl0I_043	241
jive	y_dFCoUiV54_031	251
samba	CSsgYejx6n8_030	196
foxtrot	gCY_AXdJVl8_055	300
tap	BEZH9oZJnzU_149	244
ballet	57bRsLf6Ph4_015	251
cha	oHQVemRh1Uw_030	301
latin	w2K4A-d1bC4_036	300
quickstep	_pqgtFqtg40_555	300
square	-wC1XbWkVZQ_002	241
flamenco	y3x9c9bh9Mc_143	251
tap	7Tftcimjo5o_210	300
flamenco	9OJT3GebUgg_148	300
square	pxuadJGGYAg_039	241
cha	AOZBvBfOQ7k_025	251
flamenco	fgN2mMFqjxg_031	251
rumba	J4iZs6qkq54_036	300
break	SYUbP0hDB3k_054	300
latin	Dqefwy1sgAI_030	300
cha	k2CnX-BULJk_026	300
tap	kZkekwrnbqw_055	251
jive	WgqWA69CSzA_023	251
latin	0x3vmRT-ZhY_115	300
ballet	rDnJ8JlPieU_421	251
foxtrot	RXhQUuudi9g_054	300
ballet	zPQp-Re-PlA_235	300
square	vdtl-b-ZXaI_005	300
square	_5Um2Kjnsm4_150	300
waltz	PXiw8DH5JV4_040	301
tango	lNqHYRVPyds_100	300
break	BXWFFGejC1E_030	251
quickstep	C-RLbGv39dc_133	251
tap	pvU2dc95mjk_017	301
break	IaZEGDiQeCw_025	301
tap	P2S5CAFiZik_005	300
pasodoble	3H-C31pl8E4_025	300
rumba	HVYkiBRe-vk_028	251
latin	r5X_IkhkquU_040	251
rumba	AimsuobIC3U_120	301
flamenco	DT14gNCLg_U_351	300
rumba	XoUH3WeYu_M_238	300
pasodoble	h31TDg4uoAE_010	241
tap	zyuDzF8JRUM_029	301
jive	cqwUNrZsnhE_038	241
cha	ZWA-UElshb0_008	300
tap	pkjkCpq-tnM_002	157
latin	utXOH66L21o_030	300
quickstep	qsnE4HGvLs8_006	301
tap	lm1OzvPJg30_112	300
pasodoble	pCFwh1fPWHM_110	300
latin	thE7aztQF4Q_109	241
quickstep	DDm7nPWT2ec_018	300
cha	fZzo6PyX92Y_017	251
cha	CVjHICNGCPM_030	301
latin	sW9TOGfrs8c_202	251
waltz	vsXvdbDmwsw_015	300
quickstep	Ybapt7P96wI_137	300
tap	DzXHpxlf85U_023	301
break	gd_49P1NUoU_019	251
tango	ZcmjLdmkQxY_214	301
quickstep	GNOwDih_nsk_011	300
break	N5Qu7t4Mb4I_053	300
tango	_McT_YK1WYM_039	300
flamenco	jWCY2isbkC4_021	201
break	NV-1pERNBjE_112	251
break	cEDSBE0hZGU_025	241
samba	_HF8AZ88wnk_220	300
break	uY-CG6YmEkw_046	251
cha	6_hqpOxaln8_228	301
jive	Vj8ig_Fgz0c_115	301
waltz	AdRl3japXJ4_309	300
latin	X02JMkquGkg_230	125
square	3Tae97hVs6U_148	300
samba	fiaNUmKiBTQ_457	251
tap	fZyX1EKddK8_002	241
cha	A_-r5iWVDA8_038	251
quickstep	sQHdqKnRweY_004	301
tango	e8L1YmW25zY_025	301
square	7_UM0oajDto_036	300
tap	Q4FYNF02yEM_059	300
square	2__prgoQl4Q_135	300
rumba	-Odo8mDqt8k_042	300
pasodoble	SZ2OfdtzFiQ_541	300
latin	pItP-nK-VcA_032	298
tap	Lc7tCSUm3AQ_055	502
swing	GGD7O_S3CRQ_020	301
jive	kEr3tAUpyFA_101	301
waltz	HJyQjQy9n-U_640	300
tango	UMjKb1ckHGI_009	300
cha	9WsRWIQQcX0_013	301
samba	HUXxfHVNfwY_028	251
foxtrot	3gHTdEa6gF4_100	300
jive	75t-NIheCho_055	300
quickstep	MAJVSTIVuDM_020	251
jive	-cry9v7ImO8_836	241
square	GauwbSAA1Ag_100	241
break	xM2accUWanU_043	251
tap	9PcSNa38lps_134	301
quickstep	84oDmFB2uyk_020	300
rumba	iaIwMGkk5kY_036	300
cha	iPoRhkFFMmg_043	300
flamenco	_NCUDuR-DTY_018	251
ballet	hAQs_rlyCKo_148	201
pasodoble	Dx-d6LbKoGU_649	251
tango	DOSiIbjykc4_020	301
tap	T7ZQAZX8ynU_110	502
ballet	dQxppJjk_rA_030	301
break	iITT9FT_Jn4_129	251
flamenco	DMmaQqzrn9o_008	300
pasodoble	-0VmXQA-RaU_032	300
jive	Mn2-AsZaNI4_056	251
tap	3ZeVevTdyvA_102	301
jive	e5_mbe_Wn28_044	300
break	yimGp0XUcEE_150	176
swing	wzf8DqjdyA0_348	251
samba	rqutokxEg34_044	300
jive	rfT8XCcGj_w_010	241
jive	6SUhxTHwbpE_649	301
break	NFzJyJXWkeU_100	301
jive	1VCCtso_I30_014	251
flamenco	HWWfDV9w2S4_255	301
waltz	mMe-15n-EwU_010	300
jive	9UYvOJLTJ6c_023	251
flamenco	7L4zXJ1OS6c_456	300
jive	Z7xo0G0I2hE_859	251
rumba	CVjHICNGCPM_225	300
tango	HdMS4Bmon5I_009	300
latin	qMqOGvDaAT4_042	300
break	vf5VISl5XzQ_127	300
break	ybEnwLTtz9g_118	300
pasodoble	KQFWVbC2NqM_018	251
pasodoble	n0vPhMswb1g_026	241
samba	KZtjb-r2GsM_012	219
jive	SqXiR-A39-Q_024	300
quickstep	oGvby4hi9BQ_020	300
flamenco	f43C2MIIEzU_330	251
square	njttcX9rU7s_044	301
break	6dbo5GtNnxU_144	300
break	ntPreFTiNXQ_030	300
rumba	4i3wqwI40js_023	241
waltz	HLOCzfW0yjc_011	300
swing	yPLicFeGOck_113	300
waltz	1V02jRprvoI_015	301
pasodoble	fu6rZUtnMVw_039	241
tango	b67jXhRbmh0_030	300
jive	5y_LQqVdnOM_018	251
flamenco	Y4rqfXgJPjw_255	300
cha	fbuqzxlwvb0_029	300
samba	WJl3UqLrRqI_028	251
waltz	idfz0WFk-eE_039	300
break	Lg4jKPVgNEc_121	241
rumba	xg-qSlKNpl0_300	300
break	k2yuhqz_Tmg_046	251
tango	NVtD7I_iKL8_020	300
square	hlbitUpK-38_034	300
jive	LXwOIHJJ7a0_952	251
break	8X_PJ0KXC0E_021	251
rumba	uOCke9290fs_049	301
break	PxY5dC9vfxg_030	241
waltz	z3MsbUfJrf8_040	300
foxtrot	RjsDHJanp-g_035	300
break	_eqF-TA8TVQ_043	301
rumba	3AD6kE4cQSg_025	251
swing	7nuVb64HyT0_048	300
rumba	MhhHEsmeOy8_015	300
quickstep	lnoviCi2y_I_017	300
pasodoble	jFD9V8lGM0A_008	300
tap	OG11vNqwsSM_142	251
break	XnapRl2hHTo_050	300
jive	Mn2-AsZaNI4_646	251
flamenco	n2GQohU77Y4_114	251
tap	gel8aSLHoWY_042	241
waltz	Ybapt7P96wI_757	301
ballet	D0Va5IvHVws_010	300
square	PKmo-1xdRYo_034	300
square	W8WxxMSpntg_010	300
cha	7W23ObHLOhU_023	251
jive	WXivS2NMb4k_035	300
latin	NMHCFuwFJI4_125	301
pasodoble	H54n3Dt-6XA_118	251
foxtrot	c4swTn068xQ_033	300
quickstep	0uIleIL978o_040	300
jive	egXf1tj7qAc_014	251
square	JZoUBW47L3c_015	300
samba	XDqBJIXMSPg_049	251
quickstep	Wz7NdK9oGZg_034	300
pasodoble	V2no3-aznok_047	251
tap	WiEF1bHmJr8_006	301
rumba	wn0fw_NvdB0_035	251
samba	_ik3V_WD-6A_051	251
cha	o8M5tBaRvuI_232	300
waltz	I-F5Bve3Mmo_016	300
tap	quV72bV2nMs_205	251
foxtrot	qjoE7tMdUzQ_016	300
latin	Wtjfwu3SDvE_230	300
jive	qh8p-zoVRag_038	251
tap	5xxTkB5bGy4_046	251
cha	kIgmXQXqIDQ_022	251
quickstep	3AegrylWJ_g_010	301
pasodoble	ORZQ8I28zAQ_103	300
samba	cKKigfzoQCY_028	251
swing	b0bKMpMsCTE_104	241
break	pRqAWBtaJzI_219	300
tap	FnHsi2yZLs4_047	301
tango	W5WlHF9ZvIc_049	300
tap	defiAaVw8Jw_143	300
ballet	MUct7h3dxyo_010	251
tango	1yYiYMNxza8_012	300
tango	RDAGP168lns_017	300
cha	P_gLEeL4DMw_012	300
flamenco	zxSyQ-K6Jh0_147	251
tap	90I4Vh4G3sM_036	301
samba	49jzvT2R-2k_108	241
foxtrot	mr9EKFO3giI_009	300
rumba	Gl8TGBVWfsE_106	300
ballet	44CFZ1pz_SM_020	241
quickstep	Rqs-3N_fl5w_022	301
square	PeDx588I6rM_130	300
waltz	9f3V5rHGKiE_027	300
waltz	Ybapt7P96wI_029	300
foxtrot	bABNTwURPCw_030	300
swing	Jn8DUhMUcyY_036	300
ballet	zI9oB_oCRlc_020	300
latin	m5n4rHetyiU_039	300
break	7NQvL_fUziU_043	300
swing	uUGsLoZYXb4_025	251
samba	kI5qKE4JTA8_255	251
quickstep	QDiPQ7uBYY4_734	300
cha	2z1XaOZMhjk_008	300
quickstep	7XrJM8C_yZ0_013	300
swing	nTWZ1GSdVdI_025	300
flamenco	pNGXaNMyA1o_037	300
latin	xuj4II-UI44_054	241
waltz	LqJA0iYLqi0_039	300
quickstep	SnMaWq-Q1_E_023	300
square	ylenRKFfP8s_140	300
flamenco	2PrH_ygx6IM_052	270
pasodoble	y5PUxFENRqY_105	300
foxtrot	3zCT36UnEcA_405	300
samba	VOAW9PVoCFk_009	251
samba	bXw47HHh-zI_015	241
break	2VyZmSnD27Y_041	241
jive	N5BbrzLykOc_033	300
rumba	FQYeMIzE40k_034	300
pasodoble	o-eI9VskcaM_108	251
swing	RmMkV2yPKAs_033	241
swing	fczpp-PvlGA_120	300
pasodoble	lJ8WOqwqkkE_059	301
foxtrot	jiq6UZyXK44_015	300
ballet	HwvyKmpTEkg_120	51
tap	SkSp4EKatnI_018	241
rumba	bNRzZvWKWbs_026	300
foxtrot	RQpaRC_McSI_424	300
rumba	Bi1JnR4mYAs_017	300
ballet	MaV7CwS-qoE_208	251
tap	lCEHVql6qVM_112	502
break	9j5UmA58qbw_208	251
swing	8aC4D_IaxHw_019	251
square	0NAKYTJktHM_146	301
ballet	WaZnAyXsX4k_010	251
rumba	N7HyayG8uzQ_048	300
jive	1l_LylqBkrw_010	301
tango	gTFiW8cDBMk_015	300
latin	KmEIHmEQOr0_048	241
tango	v2Wx2pk2blU_013	300
flamenco	mTUbT8zx1lo_007	300
flamenco	iZo6BpEv9TQ_358	251
cha	TS7htE1OZIs_020	301
cha	gmu-P4XwEvE_105	300
latin	gJyBIr-IgSU_230	300
square	wYc8Fpi7co4_026	300
square	0y_hC4ITwyo_036	251
cha	-FonsHg9utw_030	301
latin	giI99WoMc2E_005	251
flamenco	PyY3yFlTDbo_314	300
samba	-7w_wiSXR3g_016	251
jive	Ci2_wTTEePM_052	251
square	xVSZB89oGtw_037	241
ballet	Q_CIBonze5I_038	251
cha	9tyZsswHOvg_049	300
tango	O-VqF4iKyLQ_105	300
latin	ZEq54f1q0Xs_100	300
tango	4ZKupt7FxRE_009	301
tap	U3ee8IXNq8I_131	502
tango	EjvOhPft9ZU_010	300
latin	KK7DfjF8ZbY_029	241
samba	7KPSus6RW4E_039	251
foxtrot	DuX-R1KgEck_527	300
jive	HknJUs3gPuE_804	241
flamenco	aRWpnbCWkg0_220	251
rumba	rOts7OtbBiU_015	300
foxtrot	7TOfxC4UzSQ_042	301
samba	ZD0e__WDsMU_015	251
quickstep	7s4akPdwH7k_012	300
jive	kit70P94LdE_026	251
rumba	4LLD8_3BHw4_012	300
pasodoble	5eYXpS_UHh8_011	251
rumba	ecuwcl8EIeU_059	300
square	5UYZ3jsFRJE_053	300
jive	6xWrBlFSl1w_027	300
tap	mawLpga0pn8_002	241
pasodoble	BUW9yKaDIxo_034	268
tap	tZcbwz3N2eU_033	241
latin	KMAbhuNIJ_s_117	251
tango	nIs58c02l_s_014	300
break	Pog_fSYfl7M_032	300
pasodoble	nUBVpQR-uuk_040	241
swing	0FYfWsrSORc_030	300
tap	3aD-5BINJu8_038	300
ballet	2OcaeW67VIc_030	300
tap	0k3u23ml_eQ_059	301
square	iDWKh9eFrPo_020	241
tango	IVj4Aq-pkIg_010	300
square	AGn_T7u6U2Q_039	301
foxtrot	ezbpkmExW30_035	300
ballet	B-DUOlHKKVU_005	251
ballet	WQO4Asq5YRE_157	251
cha	itLtuJhn1vg_040	300
jive	Jm7EpSf0c3c_015	300
swing	6Wql41XtOzE_026	300
flamenco	OTm2Wk2Tx1I_026	301
latin	uiZcWuUBjHQ_220	251
latin	JoeT_kH7xK0_030	300
flamenco	veswUKSXkdc_505	251
break	tbFKZGzX9Kg_103	226
cha	MKYVJBLsNic_021	300
pasodoble	mdRV47lryJk_028	251
swing	EO4vRdWKPqE_033	300
latin	AXBYpYohb1Q_227	226
break	qO6w2KYuwOg_101	300
square	U3LSAlA4zyw_111	300
break	4vwDZl4uxK0_141	301
latin	Tiy6xhcBU4k_021	300
rumba	WXFeltoub2U_034	300
ballet	l2pHvQZu9ek_036	301
quickstep	Jh_9kZLCjac_018	300
rumba	-cry9v7ImO8_414	241
ballet	mSvNjhEPh7I_050	201
swing	bl3s6PORZf0_130	251
tap	k9edXWpg64E_002	241
samba	e76aqQuVV7o_042	300
ballet	nQxihx9WU_k_002	301
waltz	jd2dAmWNSyc_043	300
cha	e4iO6a8Lm0E_013	300
waltz	nUAQQvxSfXQ_048	301
swing	fdc15cp7xCE_035	251
break	J9Yo2Zpl_HE_033	241
foxtrot	uiAsItFDBsk_516	300
quickstep	mBt-cEgqPwc_221	300
waltz	CgnxSOnzYsY_049	300
square	-v31uYwWz7c_050	241
pasodoble	p8RVRrj1f7Q_028	300
latin	_530Y1Him7s_232	301
samba	ZoD96eXRXDw_012	241
break	T7ns0dDc6Bs_100	300
square	z-ybbyzhrF8_035	241
quickstep	X22sCJ-xXJ4_059	300
cha	maIGRIgL7Xo_019	301
flamenco	nbCzkiRwqvY_053	251
latin	kIcCU3B9-mo_107	300
ballet	omzg05Sa494_101	251
jive	SZ2OfdtzFiQ_732	300
waltz	bR0cPcAwEiI_033	300
swing	Rwg_OJEDm7g_028	300
cha	6L6wnpUhERU_055	300
waltz	tfuAZbCz4uY_014	300
break	RJnOuAf0cEY_025	300
pasodoble	Nk9LlrQDVQY_053	301
ballet	nh5ecxfjYBk_033	251
latin	PHKbDso1VsA_030	241
rumba	NG_nxIfZ91o_012	300
flamenco	NacCLcjuMFc_141	251
square	_nX57wzP3Uw_002	300
samba	tGNPzBEDo_I_318	251
quickstep	82b98BJ07eQ_005	300
cha	zL5WwP25pog_034	300
jive	v3Ckk9NCCJM_059	241
waltz	sRAgy-3S9BY_710	300
foxtrot	64Jt_xi7FeA_014	300
jive	wMA0TxRsAn0_004	300
rumba	Ul1EZw7M78U_006	300
jive	vLU-qrH0ft4_030	251
samba	OYEHcB32gpk_024	251
tap	Qgk62UJsdjQ_000	241
quickstep	PQ8BM4HpqKI_015	300
quickstep	GLrPe8ybF_Y_238	241
tap	69KkUQy0dO4_037	300
tap	vdekANqz1mk_051	502
cha	a_0u1FAFVdQ_021	300
quickstep	DPmMJ1KTE3c_001	251
swing	_FidGI7J718_039	241
foxtrot	UOLfJpdwBBI_024	301
rumba	EKKjENK2FWs_055	300
waltz	uiAsItFDBsk_626	301
swing	8KD_wWqWdf4_055	300
pasodoble	R-fUo934xpI_043	300
jive	ToZ2CEag5ag_021	300
break	S7tQIPMejL8_027	251
square	1vOs_nGs_5w_039	300
pasodoble	oTChqAW5ZK4_033	251
ballet	Fo250jmBl6I_005	251
rumba	1yJUgYNl6yY_052	300
samba	yFLtUPr_IC4_033	251
break	rnNe34i8sXU_116	241
cha	8YUtjpq4-Rk_030	300
flamenco	oBI01Tnrvhs_008	300
tango	PewFkC3wcL4_033	300
flamenco	dqyItsY-yck_034	251
flamenco	n-0W4gb3jEI_045	251
tango	zoqVTbEYS9o_039	301
waltz	DCAFALb8dEY_103	301
square	FBXNtyL5_fg_100	300
pasodoble	DWZ8QiyHE7E_745	251
cha	KmZ4B0eAMWI_028	300
foxtrot	q75QSh9M5OI_033	301
tango	FY0I_ppROdc_008	301
samba	HknJUs3gPuE_014	106
tango	jz3L-OlPWoA_042	300
foxtrot	CCdE5dwl5Ms_029	300
swing	XAnPQz21pZA_308	241
latin	lWfg9CNg-uE_123	300
rumba	KWN0dHzUGP4_025	602
latin	xoDVJXvjrfE_006	300
latin	xoDVJXvjrfE_110	300
break	SpKPsgvW6HA_026	300
square	CSDAWhFRDEk_203	241
cha	FfDBLaGM98M_112	300

