samba	TMf3baM35K0_026	251
flamenco	jWCY2isbkC4_021	201
flamenco	YHUvzU_qqSY_017	301
samba	2QKy6XonGcI_035	251
swing	dRQ-RsAXdEM_020	299
rumba	TENR4qT66pM_020	301
tap	BdIXFjOOEL4_047	502
latin	8CFGxVhwU8A_041	251
jive	JLsNSFRHAu8_027	251
pasodoble	h31TDg4uoAE_010	241
tap	_Y2eap41d6k_048	301
samba	KoyIHRbKQHc_017	241
ballet	tX0gxJTGBKM_110	301
tap	BEZH9oZJnzU_149	244
break	S7tQIPMejL8_027	251
jive	naPHSdReBBY_052	241
cha	cMjGFQhekYY_024	301
ballet	kbcIHzKyVI0_102	251
square	gGigqJmz_hE_013	301
pasodoble	zpWOSeu3OZc_055	301
tap	MZ-6MPSt9DI_110	241
samba	ZoD96eXRXDw_012	241
ballet	pBAY_XH3sgw_010	251
foxtrot	DyTgd4NvH38_026	301
samba	GIXFY4zdNAM_022	241
rumba	akb3CJ56Dv0_044	241
waltz	bR0cPcAwEiI_033	301
jive	ToZ2CEag5ag_021	301
square	re7ytg0AVAI_020	301
ballet	3xjpYjLO1aM_030	301
quickstep	DPmMJ1KTE3c_001	251
foxtrot	gVqYJYD8dnE_049	301
flamenco	oBI01Tnrvhs_008	301
quickstep	Oga6RxeUVIo_007	301
waltz	azWcLosbIVY_105	300
latin	m7nvjCIAm1U_056	301
waltz	HJyQjQy9n-U_640	301
latin	lTYM8MYjRDc_047	251
pasodoble	7n4c69nTYeo_028	251
swing	azjibU7_4z4_045	301
samba	_HF8AZ88wnk_220	301
waltz	qrwE0ttonjc_008	301
square	1xXePOakJGs_215	181
pasodoble	DWZ8QiyHE7E_745	251
latin	qdVg1ptQC1w_147	301
tap	kZkekwrnbqw_055	251
latin	AXBYpYohb1Q_227	226
swing	tpuZ3vTfnds_029	301
foxtrot	3zCT36UnEcA_405	301
pasodoble	FS8nYPbxjwI_028	251
tango	IVj4Aq-pkIg_010	301
latin	dmcaNDqMwRM_050	301
foxtrot	X4xHzqdq0gE_056	301
break	wPXxHyViTW0_040	251
pasodoble	jFD9V8lGM0A_008	301
tap	3aD-5BINJu8_038	301
swing	i97J1c943LY_013	251
rumba	2uDf0T01saw_015	251
swing	ynp0pfUMRtE_032	301
samba	S0a5eQgr94w_442	251
jive	2fs4E6KHqd8_046	251
samba	Eysv-ad4sWg_023	251
samba	HknJUs3gPuE_014	106
ballet	9VhxpHgPTy8_005	251
flamenco	DMmaQqzrn9o_008	301
foxtrot	frTrXsUoro8_013	301
pasodoble	lJ8WOqwqkkE_103	301
ballet	zPQp-Re-PlA_235	301
tap	KBeyu2HBkag_045	301
foxtrot	uDU9WN2GrSY_015	301
foxtrot	xyQdrpHtrqw_022	301
latin	lWfg9CNg-uE_123	301
jive	vLU-qrH0ft4_030	251
quickstep	L43rbQi29zU_007	301
foxtrot	bABNTwURPCw_030	301
waltz	mMe-15n-EwU_010	301
pasodoble	-cry9v7ImO8_634	241
samba	Z4e2G3_BBvo_030	207
jive	Jm7EpSf0c3c_015	301
square	G8k8H2GjUIA_030	251
ballet	hBo-SPFhCJY_140	301
jive	oEmta348sQg_024	251
latin	LROmVrFdlzE_040	301
flamenco	AoCgCJyOj2g_007	301
jive	XjE9Gpc_jnY_022	251
break	y6kboFhoxow_106	300
square	_jjx_Z7AmzI_012	301
foxtrot	64Jt_xi7FeA_014	301
samba	08hJ2pbtNVY_035	151
square	SBfImn_ld4M_010	301
square	FhcTmd5AiuM_131	301
tango	uiAsItFDBsk_300	301
foxtrot	MtZ8hm_sFh4_057	301
samba	HTYNyxsQhAw_016	241
flamenco	DT14gNCLg_U_351	301
waltz	m3YhZOACYqI_018	301
ballet	B-DUOlHKKVU_005	251
tap	1MxLu0PisK4_019	502
rumba	R8dwN1_Npho_019	301
samba	kI5qKE4JTA8_255	251
latin	PHKbDso1VsA_030	241
ballet	H_Vq7JnN3cA_046	241
cha	T2FEGwZjKwU_022	301
tango	L9aELK-wh0I_033	301
pasodoble	Dx-d6LbKoGU_649	251
flamenco	DFRTTIKF2As_058	251
foxtrot	TKD_iUDUKDw_007	301
ballet	HwvyKmpTEkg_120	51
flamenco	nbCzkiRwqvY_053	251
samba	Clez1pjv50Y_106	251
foxtrot	Ui9uy6dRKMs_115	301
waltz	qN2xDAiX23g_022	301
waltz	JQQ-tZFe1fc_105	301
jive	-yOVSi7JHoY_026	301
jive	CYkyqjaQGnk_114	251
waltz	e9b7MPhyzjU_005	301
break	PxY5dC9vfxg_030	241
quickstep	Yc3p4_WGhUU_006	301
cha	VKMSRWoaJKU_032	301
waltz	I-F5Bve3Mmo_016	301
foxtrot	HJyQjQy9n-U_350	301
flamenco	YZ6G_bRGWVo_029	301
flamenco	BOONaTPqPJc_044	251
tap	kiS_5Cw-4CM_114	251
foxtrot	Qjopi9GICbM_051	301
foxtrot	h4LfkNTCJjM_015	301
waltz	HJyQjQy9n-U_535	301
ballet	evLmJCDBn14_032	101
flamenco	gxzU5EqNL14_054	241
break	PlVIMP5iRdY_011	301
tango	sRAgy-3S9BY_216	301
tap	UGPc3w5t2yU_020	241
rumba	0kYux71ndqM_009	301
waltz	EAWAJlNKiCc_105	301
tango	0-pUvBqZ9PY_105	301
flamenco	f43C2MIIEzU_330	251
rumba	5_lRr4nRa4w_033	251
latin	m5n4rHetyiU_039	301
rumba	tfFLHVg4rjQ_014	301
tango	RDAGP168lns_017	301
break	RIbH_mQ4YGM_037	251
tango	kWb6u32vK7A_020	301
swing	wzf8DqjdyA0_348	251
waltz	FAQcrMBcr-U_030	301
waltz	K4dYy6SJMwk_009	301
square	BeyaJ1GCcaA_205	301
cha	UKPNpi1E4oU_023	301
quickstep	RMw_7Bs6d8A_038	301
square	y_SJ7h7U56o_012	301
tango	yBogGeFGunE_047	301
ballet	WQO4Asq5YRE_157	251
pasodoble	9vtnyIbOfrs_106	251
pasodoble	YNkXsZ98DkI_003	301
cha	Vl0rLfBGGXE_025	301
quickstep	y7ZoQYgtJVg_158	251
rumba	PHMJ74fdqVc_010	301
cha	KmZ4B0eAMWI_028	301
tango	DuX-R1KgEck_208	301
tango	AVaxGhMgHMk_018	301
cha	2z1XaOZMhjk_008	301
square	EkxRtkhCZl0_102	301
rumba	qxTaZQXmd_U_032	301
break	rnNe34i8sXU_133	241
cha	JQ2deSrahFE_056	301
break	T7ns0dDc6Bs_100	301
jive	bACnA7yxxpI_014	241
waltz	-1R5_n5Y72Q_017	301
square	hlbitUpK-38_034	301
samba	UuHG1C0l0SM_130	251
tango	f_B1okk4iIo_033	301
tap	k9edXWpg64E_002	241
ballet	zI9oB_oCRlc_020	301
tap	wYpKU87nPYM_125	241
rumba	AtEdu658plw_008	301
rumba	J4iZs6qkq54_036	301
tango	ka6Z7PXVrSM_109	301
break	6dbo5GtNnxU_144	301
cha	08rWdLdm3Vk_035	301
pasodoble	xn3HzlblLAo_738	251
square	pqUAtFmQlrE_008	301
quickstep	M2QA2pW6KMc_223	301
jive	x7HvaCCi9-U_036	301
ballet	cIFB-GmLGyQ_024	301
flamenco	EZWEk2Crh34_105	301
cha	wYITeXKYFHw_016	251
samba	Yk32mUWrsAQ_032	251
swing	FunRvh1OFBY_038	251
break	4OEuiJX-Syg_039	301
cha	o8M5tBaRvuI_232	301
latin	RKUqbv5EEoU_114	301
square	q975LcgLX-E_036	298
tango	QpXrvqsD67s_020	301
swing	nTWZ1GSdVdI_025	301
waltz	sRAgy-3S9BY_710	301
samba	CdLQ0f9NBQQ_002	301
tango	wgrUL5Gqj7M_044	301
samba	CSsgYejx6n8_030	196
samba	rePZB7B5_2M_050	251
tap	SkSp4EKatnI_018	241
tango	8LMvAf5ftZ4_008	301
latin	ORhLk4CErFs_010	241
ballet	Fo250jmBl6I_005	251
samba	XDqBJIXMSPg_049	251
square	1vOs_nGs_5w_039	301
rumba	ZbvGCDoqUJw_040	251
latin	xoDVJXvjrfE_110	301
foxtrot	_7VGPSwZCzY_033	301
tango	v2Wx2pk2blU_013	301
waltz	sPGNU2pZ-mo_103	301
tap	pkjkCpq-tnM_002	157
square	8XgiY2Pa4Jc_002	301
cha	lVQrGyrQ8P8_105	301
ballet	S5HwZJQ8NuA_011	251
tango	jz3L-OlPWoA_042	301
break	iITT9FT_Jn4_129	251
rumba	4LLD8_3BHw4_012	301
square	6wL2ucm2Wds_133	301
waltz	9f3V5rHGKiE_027	301
rumba	6MlvQlkjHj8_022	301
break	9j5UmA58qbw_208	251
rumba	gxR3VfT9EA4_003	301
swing	Rwg_OJEDm7g_028	301
tango	MZ1tmTqt1Kk_031	301
waltz	HJyQjQy9n-U_100	301
waltz	AQ-izQC-S1Y_031	301
cha	AOZBvBfOQ7k_025	251
jive	ags0RRqfYRI_042	251
break	k2yuhqz_Tmg_046	251
square	075zOIBxw40_040	301
foxtrot	HEaSQfRw2No_004	301
latin	xoDVJXvjrfE_006	301
flamenco	n-0W4gb3jEI_045	251
cha	itLtuJhn1vg_040	301
rumba	e48oXGnj6mE_013	301
break	wTrDn7Mj4MU_043	241
cha	9tyZsswHOvg_049	301
cha	3ZMH4j0Hqv0_033	301
quickstep	C-RLbGv39dc_133	251
waltz	2-SpbbnIlBE_008	301
foxtrot	cZ93eIDzYIA_017	301
cha	bz_Ngw5HVpc_033	251
latin	lVfseUfniWc_014	301
break	Xw-VKan4ypA_132	301
tap	oEW3JOzgu_Q_023	251
quickstep	PQ8BM4HpqKI_015	301
samba	PRTb7nsD2kw_040	251
waltz	sRAgy-3S9BY_616	301
rumba	YcKXzXjNi7w_037	301
samba	SZ2OfdtzFiQ_028	301
swing	DILm3W8IhEg_024	251
jive	WXivS2NMb4k_035	301
tango	b67jXhRbmh0_030	301
tap	dNTkPcdAXks_037	301
waltz	qTuBDM63KbA_034	301
flamenco	PyY3yFlTDbo_314	301
cha	k2CnX-BULJk_026	301
square	2-CGdk8ouCY_234	301
jive	TvJ16p9WbBM_116	241
flamenco	Ejb9LwpNSlg_148	301
tango	O-VqF4iKyLQ_105	301
samba	bXw47HHh-zI_015	241
swing	90CAxcl0CGY_105	301
square	vdtl-b-ZXaI_005	301
quickstep	Pi4G088ptBk_046	301
samba	NjIuTO7m2p8_027	251
pasodoble	Z7xo0G0I2hE_655	251
break	8X_PJ0KXC0E_021	251
ballet	1hdHc1hJAWU_005	251
foxtrot	AdRl3japXJ4_057	301
flamenco	BDDt4eRpTf8_248	251
foxtrot	j_GUMFIzaII_047	301
swing	WwJ5TtGmp7Y_016	301
rumba	ixvrsdppMsk_035	301
break	BLJLTZEXym4_030	241
latin	utXOH66L21o_030	301
jive	qR7gkLNZsw4_010	301
pasodoble	149H8vWSbFY_837	251
jive	SqXiR-A39-Q_024	301
pasodoble	nUBVpQR-uuk_040	241
pasodoble	n0vPhMswb1g_026	241
break	-kT0HJhm5ck_039	241
tango	dVqPqFBZoXI_009	301
swing	8l5pczCZw04_033	301
break	RJnOuAf0cEY_025	301
waltz	AQmHJlhUhes_022	301
swing	pNcsbZax_OI_015	251
samba	6xG8Ci6kEsU_030	301
break	uY-CG6YmEkw_046	251
swing	Am1z2_BW_kc_203	251
cha	S3Q1EiTV9xA_030	251
quickstep	DDm7nPWT2ec_018	301
samba	PGGmSlCZctU_038	502
break	vf5VISl5XzQ_127	301
latin	w2K4A-d1bC4_036	301
tango	4flyoSPVlHI_028	301
foxtrot	QqM6lXluCMw_023	301
break	SpKPsgvW6HA_026	301
waltz	hNZ875Eibnk_053	301
square	UMoy_jtBbt4_036	301
jive	cqwUNrZsnhE_038	241
ballet	hqOmSVMgoG0_428	126
ballet	57bRsLf6Ph4_015	251
jive	Xr6ss8pZ7fs_009	301
ballet	W6Hxyg5pnSA_028	251
rumba	UU1yPSpPmUk_049	301
tango	mBt-cEgqPwc_410	301
tap	quV72bV2nMs_205	251
cha	Ah15ipJWdvU_046	251
samba	n4sI4AzXTjk_028	301
tap	2TU7dE_9Vi4_341	241
ballet	o1eV2Mgc_BI_018	126
square	6lV-mH_BSGs_204	301
tango	gTFiW8cDBMk_015	301
rumba	CRBDM68Q1_g_010	301
break	hY8de4NKa0s_059	301
swing	6ih6GNNym-U_028	251
latin	Y1v-k8TLN8A_048	241
break	Df-zWhQhC50_048	241
latin	rtUKt8afl0I_043	241
pasodoble	w2cHAwG2vpc_042	301
swing	b0bKMpMsCTE_104	241
cha	A_-r5iWVDA8_038	251
jive	cgqWmYXSeRE_009	251
ballet	rd1SDbQbHvM_010	301
cha	MvAmH5vMjn0_014	301
tango	Nb0iHhNtX38_009	301
jive	1x5CdUQoHBU_100	251
quickstep	uhRby2yJSb4_059	301
square	PKmo-1xdRYo_034	301
break	Pm4-T2xhY1c_110	251
tango	EjvOhPft9ZU_010	301
jive	y_dFCoUiV54_031	251
latin	xIT4YI4n-0A_040	301
samba	49jzvT2R-2k_108	241
quickstep	_0PbUDDUKSE_027	251
quickstep	AEr037iBrzw_027	301
pasodoble	eJN2uMf9Vl8_032	251
tango	HJyQjQy9n-U_158	301
latin	OVI0tBDQ-6g_108	301
quickstep	kxDdXUiRnYA_040	301
samba	jcq-I4Y3_xk_059	251
tap	GbGmaCatT_k_152	301
jive	GzfD1EIZwSI_037	241
samba	HUXxfHVNfwY_028	251
latin	t5GNJd-uLyM_050	301
jive	0V-kTdSgUow_038	301
square	U3LSAlA4zyw_111	301
flamenco	9Y2gICFe9mQ_007	301
ballet	pg5IJeXW6cw_010	301
swing	RVMO1PKHi4k_500	241
cha	yzoICR6Z7ns_005	301
ballet	HfBiMFgM5vU_049	301
latin	YnjwNIfcOeU_043	251
quickstep	mBt-cEgqPwc_221	301
quickstep	BrqQ6IZT4MA_008	241
foxtrot	5e_n5JJR0g4_008	301
flamenco	YfzplJh_XaY_036	301
ballet	omzg05Sa494_101	251
jive	75t-NIheCho_055	301
square	y_jaMF3Vzkc_103	301
swing	8DwU6-M_FsY_040	241
samba	yFLtUPr_IC4_033	251
waltz	jd2dAmWNSyc_043	301
quickstep	QDiPQ7uBYY4_734	301
rumba	bNRzZvWKWbs_026	301
break	hAhQLB2XzRo_035	241
ballet	QnArX3S4AQ4_100	301
ballet	mZYD8mCS5Vc_307	251
tango	fI1K8QObgp0_106	301
pasodoble	d3ew2Sx43uw_051	251
pasodoble	OmsD5qv6uPE_751	251
latin	X02JMkquGkg_230	125
cha	Q9b7vleZd9w_001	301
samba	1e7EDPldTuw_157	251
jive	FVS-7kfGT18_042	251
flamenco	pfrrAgguA1U_145	251
rumba	tjeUiuPI2Vk_010	301
waltz	z3MsbUfJrf8_040	301
quickstep	GLrPe8ybF_Y_238	241
square	0x1fVsK_puU_011	301
rumba	6ZA1_ToVVoA_039	251
rumba	WhJ2Ljc_MX0_129	251
rumba	mXheNYNTfkE_045	251
jive	K3aR7iSelgU_007	241
jive	Mn2-AsZaNI4_056	251
quickstep	zQho9w1Rpvw_010	301
rumba	SZ2OfdtzFiQ_446	301
foxtrot	pW65l9g4kyk_011	301
pasodoble	3H-C31pl8E4_025	301
latin	OpRAmD1bHVI_036	301
flamenco	Y4rqfXgJPjw_255	301
swing	iBHdHkdFPaU_031	251
waltz	heUmbkFfPWw_043	301
samba	ZD0e__WDsMU_015	251
foxtrot	c4swTn068xQ_033	301
samba	tQy92Afrllk_042	301
square	xH0L8Jcir1A_030	301
quickstep	7s4akPdwH7k_012	301
break	IzgPV9TpX64_139	251
pasodoble	pigr3J7sefY_041	241
latin	iRntFnMArIU_206	301
jive	N4MaOAEaUkw_058	301
jive	kCQIZnfYPO4_016	301
quickstep	lbI2jqpOWX4_029	241
pasodoble	6UYQWmufctc_014	301
ballet	Xj1_aETg6Ww_640	251
swing	5rixNuydqj4_115	251
swing	ylsMMsla6M0_012	241
jive	S2wwo7q91T0_235	251
pasodoble	kI5qKE4JTA8_738	251
tango	ETcDfLqzyHE_010	301
square	HhmzXPipfag_020	241
foxtrot	kQtAMqHke30_043	301
rumba	ecuwcl8EIeU_059	301
rumba	-cry9v7ImO8_414	241
foxtrot	6HMAc69RRx0_047	241
swing	KnCVeiz9p3I_033	301
break	mJPtjZp14DU_029	251
tango	bHVTOfyVfFU_019	301
tap	qHYD9R_r4Ro_017	301
jive	CSsgYejx6n8_156	301
square	pxuadJGGYAg_039	241
rumba	xg-qSlKNpl0_300	301
latin	YjgSQDvMNBc_030	301
quickstep	EnVSdYSJ28A_117	301
flamenco	XNhfV_53W7A_030	251
break	xpTKbQ32qdQ_034	301
square	fymBcoVn66M_020	301
tango	s1FBlGyv4TU_051	301
jive	9UYvOJLTJ6c_023	251
break	ybEnwLTtz9g_118	301
swing	3eYSQmsVfbI_007	241
square	vcfdtkrdtGc_031	301
jive	mMFAmaqmLX0_026	251
rumba	WD-tfNxXeWw_017	241
foxtrot	wzIocD6QAqg_016	301
foxtrot	Cug_H_G1-Ic_040	301
pasodoble	LXwOIHJJ7a0_751	251
waltz	LqJA0iYLqi0_039	301
swing	HtXSPYEiKCY_037	301
samba	cF3usGUzXh0_036	241
latin	gJyBIr-IgSU_230	301
samba	e76aqQuVV7o_042	301
cha	CwJx9eEdo54_049	251
rumba	a41fSGgMMaw_018	301
quickstep	jPDdURT1aYo_057	251
break	2oRysW2mm4A_010	301
swing	HLCpqxrPmz8_020	301
rumba	eVRbQFgBkts_022	301
swing	UY9pmRFPpbE_026	251
cha	eEiLUAR7HkY_046	301
pasodoble	Q-Nd4GAU5KU_115	251
cha	FfDBLaGM98M_112	301
pasodoble	fQKwpeg0dOM_005	301
quickstep	7XrJM8C_yZ0_013	301
latin	KMAbhuNIJ_s_117	251
samba	ggNNqhwDrWk_437	251
tap	1BpMnODNrlQ_036	301
ballet	XQ2g5NXq0QI_246	251
quickstep	miLlSSRxRTU_019	301
tango	bFH668_otBg_114	301
swing	fdc15cp7xCE_035	251
ballet	hfzAXUkzlMo_014	251
waltz	tfuAZbCz4uY_014	301
break	qO6w2KYuwOg_101	300
swing	R-SzOoLlaj0_039	301
latin	pItP-nK-VcA_032	298
cha	75Ano5ECzY8_105	301
ballet	nM-rm68GyRk_020	301
ballet	mZYD8mCS5Vc_720	251
latin	0x3vmRT-ZhY_115	301
cha	HknJUs3gPuE_214	241
jive	v3Ckk9NCCJM_059	241
ballet	0aUhNK8tJPU_035	241
rumba	0hXdHkxT6zk_114	241
pasodoble	7K5O-kCME1A_036	301
samba	3oEjr90Oiew_032	502
jive	OmsD5qv6uPE_936	251
samba	8oya5vVKbzw_039	301
tango	AXhCzjiIqRA_043	301
jive	WgqWA69CSzA_023	251
break	gd_49P1NUoU_019	251
samba	cKKigfzoQCY_028	251
break	Cg-5lC_KS98_050	251
pasodoble	mdRV47lryJk_028	251
rumba	E-5ttEAqxX0_007	301
square	ppV-LZBeDko_003	301
ballet	D0Va5IvHVws_010	301
flamenco	YSTCsA5vZNo_025	251
jive	Ci2_wTTEePM_052	251
rumba	Bi1JnR4mYAs_017	301
pasodoble	ftq0WWSr-fs_047	301
cha	MKYVJBLsNic_021	301
quickstep	Wz7NdK9oGZg_034	301
pasodoble	1dQd_4dBtEA_027	301
tango	oAim7ILCZTw_115	301
samba	VOAW9PVoCFk_009	251
pasodoble	H54n3Dt-6XA_118	251
square	osVt_jfwHps_010	301
samba	AoOS1o-r_bs_033	251
samba	kElD2DiRt2g_022	251
tango	UVgjpKAaufk_036	301
cha	Z9MhFtJt6Ms_029	301
flamenco	W6_7IG7C3Vk_052	301
quickstep	0uIleIL978o_040	301
jive	lwalbME9pKI_106	241
break	DC37C6TcYe8_040	301
foxtrot	Md0gzA2n_Mc_006	301
break	ntPreFTiNXQ_030	301
samba	pnFQrNf2Vzg_019	301
square	CDjIj4vgmvc_008	151
tap	uBzxB0j9Vbs_032	301
latin	qMqOGvDaAT4_042	301
ballet	cIFB-GmLGyQ_227	301
latin	aKOChOei2JQ_050	301
cha	9grDHvFCWyA_015	301
quickstep	1Qx_0ws2wMM_025	301
pasodoble	fu6rZUtnMVw_039	241
swing	8KD_wWqWdf4_055	301
samba	F9K43n1wVsA_011	301
pasodoble	p8RVRrj1f7Q_028	301
square	jWQ9N2alkaA_159	241
jive	w4ViC3SaAds_114	301
jive	qZYRh9nLSBE_027	301
flamenco	mTUbT8zx1lo_007	301
pasodoble	ML3n5d4Wvac_020	301
cha	gmu-P4XwEvE_105	301
samba	KZtjb-r2GsM_012	219
tap	Qgk62UJsdjQ_000	241
flamenco	2Y1bQIZY1Vc_055	301
quickstep	u1XLmia4wa8_011	301
tango	bFFMIYUEDq4_039	301
jive	Y0Z3JXimxJk_035	301
flamenco	9U5TNavFpF4_004	301
swing	4tHDQQSvI_U_010	301
square	wYc8Fpi7co4_026	301
quickstep	POwmphhvuzo_058	301
foxtrot	gCY_AXdJVl8_055	301
waltz	xXWPf8wnhdo_033	301
flamenco	SjfklrNFJY4_110	299
rumba	10Vh5JJ32ks_025	241
samba	_ik3V_WD-6A_051	251
quickstep	9cWWK2IO9NY_042	301
tango	wgrUL5Gqj7M_109	301
foxtrot	99oWaQPa7tc_140	301
jive	GdgSd2XEODg_028	502
square	JZoUBW47L3c_015	301
rumba	-Odo8mDqt8k_042	301
pasodoble	R-fUo934xpI_043	301
cha	NvO83ppc64g_020	251
jive	SZ2OfdtzFiQ_732	301
tap	268L4qbfxyA_028	301
jive	5y_LQqVdnOM_018	251
samba	8GxZoulM_N0_030	301
foxtrot	t4xg5_yabdU_015	301
ballet	mSvNjhEPh7I_050	201
cha	uDEJtsBliTE_104	301
square	vJ7axws4kT8_003	301
square	7_D4xRURWbw_002	301
ballet	9QTYNnEraLY_030	145
foxtrot	UadTF1J_vHs_016	301
pasodoble	S18L1ybX3f8_014	301
break	SxMRYmSKr8w_016	241
rumba	0EB76fW-Pso_107	251
flamenco	-2v52ne80Qo_244	301
swing	x_txHMDll-g_034	301
latin	3tST-Vz4Mx8_115	301
quickstep	AdDiNkilWpk_011	301
samba	ehndKwt-Rqk_035	241
ballet	2OcaeW67VIc_030	301
waltz	DuX-R1KgEck_019	301
rumba	WXFeltoub2U_034	301
foxtrot	hpsOUaUYnfk_037	301
tango	dkZigQYTUJo_044	301
samba	OYEHcB32gpk_024	251
foxtrot	keelWKQGWIs_030	301
cha	gY1r5v7mmFs_119	301
flamenco	qdUX0erlDqM_202	301
latin	kIcCU3B9-mo_107	301
jive	CIFHrVg_qj8_032	251
break	nF-1issipwU_144	251
foxtrot	qjoE7tMdUzQ_016	301
flamenco	sLFH01qJT3k_037	298
jive	aB0zKWKZ1fk_016	251
quickstep	fINnVBdfIRY_010	301
square	-v31uYwWz7c_050	241
tap	Lc7tCSUm3AQ_055	502
swing	ZVDnzh7qVMQ_027	301
pasodoble	_aUEUq49gF4_050	251
pasodoble	eocVi71fGuQ_054	301
waltz	RdDop_W4SBM_013	301
latin	Wtjfwu3SDvE_230	301
tap	69KkUQy0dO4_037	301
jive	1KJXO3pF_cE_013	301
quickstep	sm91ToMRUnU_052	301
latin	KmEIHmEQOr0_048	241
waltz	vsXvdbDmwsw_015	301
foxtrot	_3o3zsW1FIQ_112	301
tango	8p6MyuvAebg_013	301
jive	Mn2-AsZaNI4_646	251
square	5LFl88f2aio_002	241
foxtrot	DuX-R1KgEck_527	301
ballet	KAfPbrhGKcU_120	128
square	GyfPMmX_jj8_059	301
ballet	ql3o-1eSdbQ_145	251
waltz	oikcRADJbDc_036	301
cha	kR108huzV_E_036	301
swing	ohzSBLMohAY_032	301
rumba	nJMu5a_eN6Q_051	301
tap	4d7dQ2fRoHw_047	301
ballet	nh5ecxfjYBk_033	251
tango	1yYiYMNxza8_012	301
square	2__prgoQl4Q_135	301
latin	4U13C3huAm8_043	241
break	wJ-f773sO-k_040	241
waltz	g9MJ5rPvASI_008	301
samba	MjkwHqwank0_042	502
cha	IHCHZJdd2JU_052	241
quickstep	zUp1K5UTqKA_206	301
pasodoble	peC22IsBDQw_023	301
cha	v9PFlYnlkj0_031	301
flamenco	1QU5CyYPVp4_047	301
cha	HQ8QeZ5n11M_030	251
cha	PZdJVUQrem4_107	301
cha	6L6wnpUhERU_055	301
latin	HQnYvmAgQTY_029	211
break	NsrYSHQnZDI_046	296
latin	d4K8ZOXeFjo_200	251
rumba	h3hvqvL1kZ4_053	301
tap	vdekANqz1mk_051	502
jive	Z7xo0G0I2hE_859	251
waltz	q-kL4TPjOcQ_015	301
foxtrot	3gHTdEa6gF4_100	301
swing	e62p_K4-Cvc_028	241
square	_nX57wzP3Uw_002	301
rumba	WreUUX3zlBY_045	301
swing	n4hMHNodJbU_035	251
tango	Wh7yyIaI2XI_126	301
tap	tZcbwz3N2eU_033	241
latin	PZ767hTMs4I_120	301
break	J9Yo2Zpl_HE_033	241
square	N_cQuBSo_jk_018	301
square	ZFGbV_1YbY8_120	301
pasodoble	V2no3-aznok_047	251
swing	bl3s6PORZf0_130	251
flamenco	K5igX8ehx0c_053	251
tap	P2S5CAFiZik_005	301
break	ToFyPVocxMk_037	301
foxtrot	0b7Ste-L190_015	301
pasodoble	6_5ctcQYVCE_055	251
foxtrot	lvlsR0Sb9o0_015	301
swing	0FYfWsrSORc_030	301
pasodoble	obT2bO9qh9Q_230	241
tango	-638J1hhteA_019	301
break	Xt3Ce6RnZRM_024	251
rumba	PqagOrN6HdU_022	251
jive	q0AajeTRr80_041	241
waltz	idfz0WFk-eE_039	301
foxtrot	SzWNayeS-K8_424	301
break	tbFKZGzX9Kg_103	226
latin	p0jKdU6cgOk_027	251
pasodoble	UDMX-EX8fM0_024	241
flamenco	iZo6BpEv9TQ_358	251
square	Z9vffJJJfNA_027	241
tap	uOx2y_xXtiY_007	301
break	MDzsZxSj0mk_125	241
latin	01f-oLGZv1s_017	251
square	LWhD1md44gI_006	301
rumba	3lgWQJpz-ZM_044	251
quickstep	X53uafpmFgM_043	301
samba	Lb-LLPO0aIs_026	251
jive	AMZh_YPVSjs_051	251
swing	EO4vRdWKPqE_033	301
ballet	9VJRYKIP67s_010	301
swing	5Q3JjTE-qYE_050	301
square	o6J9qx2Ixdo_205	301
square	-wC1XbWkVZQ_002	241
pasodoble	SH2ZkjsLpqM_104	251
samba	YPsX3NKrWZI_020	251
pasodoble	JAZXRG2fA28_046	301
tap	YctI_K2-KCY_026	251
waltz	nuWL11X_wjk_023	301
pasodoble	5eYXpS_UHh8_011	251
samba	8nY6fyXdlJY_100	251
cha	SZ2OfdtzFiQ_221	301
tap	lm1OzvPJg30_112	301
jive	e5_mbe_Wn28_044	301
break	HZSi4E0452c_049	251
square	rjVWSVA_gWE_150	241
samba	-cry9v7ImO8_025	241
pasodoble	xawoNnLz3MU_041	251
latin	ZEq54f1q0Xs_100	301
cha	u94WC6aWGLU_056	301
waltz	rMyANjgKrUo_059	301
latin	epWiSNsGPYc_121	241
quickstep	82b98BJ07eQ_005	301
quickstep	OrKpF6T0NRM_047	301
cha	E_QKLaXcCtg_020	301
waltz	-0J3ddQVBZs_016	301
square	1Tzhb7YFEFA_330	301
waltz	zchjlpArkDw_009	301
break	N5Qu7t4Mb4I_053	301
jive	c0gvYNviGx4_022	241
tap	LAU8eBek_NU_031	301
rumba	GZmaUoUrSWg_100	301
jive	tJY7LZmKZ6A_019	251
break	_UzMJuR1T0w_012	241
cha	fZzo6PyX92Y_017	251
foxtrot	CCdE5dwl5Ms_029	301
cha	oZVopYD1ocQ_117	301
quickstep	SnMaWq-Q1_E_023	301
tap	IteILIXjDcA_037	602
rumba	QIvPo14UVkc_007	301
square	A3X-mPB2MYQ_004	241
ballet	ONY1CO6KEhQ_020	241
flamenco	_NCUDuR-DTY_018	251
flamenco	veswUKSXkdc_505	251
quickstep	dnLulUvGFaA_015	301
break	2oRysW2mm4A_016	301
break	BXWFFGejC1E_030	251
tap	gel8aSLHoWY_042	241
swing	7nuVb64HyT0_048	301
jive	kit70P94LdE_026	251
square	_5Um2Kjnsm4_150	301
rumba	US0lEYJQCJ4_011	301
tap	defiAaVw8Jw_143	301
rumba	cE76ghvZ4ns_030	251
latin	u1ZCTSdlujY_230	241
break	V3lWySwbP1E_035	113
rumba	uVxKdOO8FnQ_046	301
rumba	uXJD4RlO1B8_043	301
latin	uiZcWuUBjHQ_105	251
samba	7KPSus6RW4E_039	251
foxtrot	gsrmD35K4VI_005	301
cha	iPoRhkFFMmg_043	301
tango	BvTGEgR2_88_025	301
cha	e4iO6a8Lm0E_013	301
rumba	4i3wqwI40js_023	241
square	mk7l88yKNQo_006	241
quickstep	OXn0x66Y65s_027	301
tap	yRrDlXD1w58_201	241
flamenco	VOqaphuiQug_003	301
samba	6_hqpOxaln8_027	301
swing	gisafTmbVd8_158	300
tango	MDmXbagFW6o_043	301
latin	8qAGcFpaUlc_032	301
square	CVfCNbFc23Q_007	301
square	idiF9-z-5O0_210	241
samba	UvqkTgdi53E_130	251
cha	a_0u1FAFVdQ_021	301
ballet	hAQs_rlyCKo_148	201
foxtrot	RXhQUuudi9g_054	301
tap	JIcQe0iFX3w_044	241
tap	7Tftcimjo5o_210	301
cha	MPeJFpNr_VA_012	301
tap	5xxTkB5bGy4_046	251
latin	v0eF7UhEW-A_055	301
samba	WJl3UqLrRqI_028	251
latin	Hq1tAsV-3II_051	251
tap	T1MXCjyVDzc_135	301
flamenco	4CKtLabIApE_049	251
rumba	NG_nxIfZ91o_012	301
break	44kKLeDKIIc_110	301
square	ylenRKFfP8s_140	301
square	-CcCpM87vac_138	301
break	pRqAWBtaJzI_219	301
jive	m1I4ciF72pM_041	502
quickstep	Ybapt7P96wI_137	301
quickstep	BcWyfmhkuVE_034	301
square	IXPlfZOPtqU_108	301
pasodoble	rZBImFtLhxA_047	301
samba	gvKSEem0Ogc_017	241
tango	AQ7HEnCtnJg_012	301
pasodoble	SZ2OfdtzFiQ_541	301
break	4SQVm2fyLH0_053	251
waltz	CgnxSOnzYsY_049	301
swing	Zh6Dy9RaBeQ_015	301
square	JlIzMxNGKe8_140	241
tango	lNqHYRVPyds_100	301
swing	IVaRyjtSNnc_032	251
break	4e1xHY9BO8o_041	251
samba	LdCS4aUYRzM_116	251
quickstep	cC_U9ZwCUpE_031	301
quickstep	tAf1J7nWlxI_006	301
quickstep	FcKMOnNK3Lw_002	301
waltz	HLOCzfW0yjc_011	301
rumba	rOts7OtbBiU_015	301
break	De3p-KyB9OI_059	251
flamenco	qAm4z2EJjQU_100	251
quickstep	e7vE2jdmXbc_007	301
quickstep	lnoviCi2y_I_017	301
ballet	-5Yp-vToI2E_016	241
samba	lm6-Mq4_9W8_016	301
latin	nIIVfIRsMnA_100	301
rumba	EKKjENK2FWs_055	301
rumba	N7HyayG8uzQ_048	301
break	jLPo2BIigZg_036	301
foxtrot	Ybapt7P96wI_506	301
samba	Iu1EY027hSw_252	251
waltz	3zCT36UnEcA_005	301
pasodoble	pCFwh1fPWHM_110	301
cha	zL5WwP25pog_034	301
quickstep	_pqgtFqtg40_555	301
ballet	cw8YnWs4wp8_022	301
pasodoble	tGNPzBEDo_I_722	251
swing	uUGsLoZYXb4_025	251
swing	_FidGI7J718_039	241
flamenco	7L4zXJ1OS6c_456	301
swing	W38-MfFBQ3Y_030	301
ballet	Wz_f9B4pPtg_020	301
ballet	vrXQ8uAnipo_021	181
square	PStj6-3ja6I_108	251
flamenco	2mMpm2xzMMk_535	301
pasodoble	ZUYn7wpRtII_027	251
jive	v0ARZ5pW6yo_138	241
flamenco	2PrH_ygx6IM_052	271
tango	HdMS4Bmon5I_009	301
tap	Q4FYNF02yEM_059	301
cha	8YUtjpq4-Rk_030	301
latin	xuj4II-UI44_054	241
ballet	0cTtPWmpGdc_023	241
flamenco	9lVv2RBLesk_029	301
pasodoble	Z8u3yFRt9WA_125	301
pasodoble	UteCuS0GlCE_050	241
square	FBXNtyL5_fg_100	301
swing	lJBJeXA4gmw_005	301
rumba	CVjHICNGCPM_225	301
waltz	3T-3aM3gvew_033	301
tango	BCIqkUblDpM_026	241
cha	3KKxhwwnL0o_014	241
pasodoble	tK4urv9uIIU_104	251
rumba	edoQlG3NTLY_015	241
break	Lg4jKPVgNEc_121	241
tango	yfzpR25btwM_113	301
break	rLC2c-_uWjg_029	301
quickstep	uQqUNZS7OK4_011	301
foxtrot	sFqXe2oMBRM_037	301
latin	ACzxHHCEgNs_029	150
jive	rfT8XCcGj_w_010	241
swing	rSOFI1misJg_035	301
swing	Jn8DUhMUcyY_036	301
foxtrot	WJaKRTWufco_014	301
ballet	cw8YnWs4wp8_117	301
quickstep	V3oy-SXMZds_749	301
cha	fbuqzxlwvb0_029	301
rumba	g5D27IQnBFI_037	251
flamenco	y3x9c9bh9Mc_143	251
swing	ksyM6Zw9gZw_115	301
latin	tftX2rlfs1g_050	301
samba	tBJO6-FRXmE_024	251
jive	Z_qO2iBXLvM_021	251
tap	zkz7AeJDZ54_013	301
latin	sW9TOGfrs8c_253	251
ballet	fYmTBeUxjC8_133	241
rumba	_v6nTrYbiB8_853	251
ballet	BVM8AP3luyI_015	251
latin	thE7aztQF4Q_109	241
square	NPHJnbCeg7Q_015	241
foxtrot	AHFfvSoFeCk_046	251
samba	Dx-d6LbKoGU_035	251
latin	JoeT_kH7xK0_030	301
waltz	mWEhW3gomw8_029	301
foxtrot	2EvK7EwOqzg_122	301
quickstep	9xLsInICoHo_049	301
square	3Tae97hVs6U_148	301
quickstep	X22sCJ-xXJ4_059	301
rumba	Hx-3xGDhzV8_028	301
square	SXiIG7dx-gc_036	301
cha	rvQI4GmLrTs_018	251
flamenco	9OJT3GebUgg_148	301
quickstep	BkP8sDddMsU_027	301
tango	nIs58c02l_s_014	301
ballet	u--jDp2Hieg_131	251
swing	aS5DvL8p4I4_011	301
tango	UMjKb1ckHGI_009	301
break	7t-aIKgHCoI_302	251
waltz	EsMh7imAMNU_054	301
latin	CU4fkMrgTLk_115	301
cha	P_gLEeL4DMw_012	301
square	7_UM0oajDto_036	301
square	fOFYb-r2Cc8_153	301
foxtrot	XR_Hwtfz5s4_018	270
break	J5s1ZJXkarw_018	301
square	JHqS1bOOLVc_017	301
swing	yPLicFeGOck_113	301
rumba	KWN0dHzUGP4_025	602
waltz	ui0LwWviGeM_041	301
break	J4_V3Q1LZvQ_037	241
tango	RQpaRC_McSI_216	301
quickstep	pW2GDCViUUg_022	301
square	F3JwWUzFkm8_140	241
quickstep	Q349svhKxz8_010	301
cha	q0qwdpZdN_g_014	251
jive	6xWrBlFSl1w_027	301
swing	fczpp-PvlGA_120	301
flamenco	97w_mvV7C9U_520	251
foxtrot	SK1GA0NcsxM_057	301
foxtrot	VKx8OMf_j5Y_012	301
rumba	MhhHEsmeOy8_015	301
tango	GvyTlvSShv4_034	301
tango	r1AEsFzZYQw_056	301
foxtrot	TFVX_ekWkDw_057	301
samba	JrzgGQlEVZo_012	251
cha	ZWA-UElshb0_008	301
tango	_McT_YK1WYM_039	301
jive	nFYm2cNWfxs_019	241
flamenco	NacCLcjuMFc_308	251
square	6ee0DcgWHjw_125	301
foxtrot	mr9EKFO3giI_009	301
cha	8xjwxvhswFY_030	301
rumba	Gl8TGBVWfsE_106	301
ballet	44CFZ1pz_SM_020	241
cha	sKiXFaH0UPc_016	301
cha	xg-qSlKNpl0_007	301
cha	YIGpnkYy0kI_014	301
cha	hXUzdjMl6rE_031	241
pasodoble	hCCxHSofNbU_126	241
pasodoble	HknJUs3gPuE_631	241
ballet	2SMmL6kIx-w_053	226
latin	is9wrZ0ShZU_322	251
tango	SuggIS57QRE_005	301
break	Mc_-bckuHNY_045	301
latin	heJXZdT-ne0_358	301
break	7eonD7CQs00_047	251
latin	Tiy6xhcBU4k_021	301
tap	DRBRjEMIyEc_051	251
square	CSDAWhFRDEk_203	241
jive	ni5xqU1wYx8_023	251
rumba	gHKzWCvsEvs_026	251
foxtrot	FQ6Pj0LQUS8_038	301
tango	NVtD7I_iKL8_020	301
jive	qh8p-zoVRag_038	251
pasodoble	S18L1ybX3f8_035	301
square	pPJ6V6L5_mM_032	241
latin	Cm0rzK9KHJA_034	251
break	SYUbP0hDB3k_054	301
latin	Dqefwy1sgAI_030	301
ballet	LoigxYt5Hgk_122	301
flamenco	fgN2mMFqjxg_031	251
pasodoble	KQFWVbC2NqM_018	251
tango	uQ1o81nYonI_004	301
samba	7huId5_C4MM_110	241
flamenco	4g4nNGjbpwY_157	301
foxtrot	RQpaRC_McSI_424	301
jive	H8TKdPjvjMs_040	301
break	yimGp0XUcEE_150	176
samba	wjSPL1th5oY_040	251
flamenco	aRWpnbCWkg0_220	251
foxtrot	rUAH9ctjzaA_012	241
break	XnapRl2hHTo_050	301
break	cEDSBE0hZGU_025	241
pasodoble	QwyLQ1KqQoE_055	241
foxtrot	FeXlMzVFfF4_032	301
cha	_IcQeIX1eeo_017	301
break	v_XbJRPzlAQ_253	251
tap	NjjS29lAwf0_027	248
break	Pog_fSYfl7M_032	301
square	eYjNdnSX1vY_103	301
break	P17nzRf6HiE_020	241
rumba	FQYeMIzE40k_034	301
tap	UdOKGR7MqIM_010	241
waltz	q-78v5_Cpgg_020	301
break	2VyZmSnD27Y_041	241
jive	xg-qSlKNpl0_610	301
swing	naH68eSm2H4_202	251
tango	5LxiCFVBuSI_027	301
swing	V21PEmv_8yY_029	301
tap	MPW-geOjDG4_246	241
foxtrot	jiq6UZyXK44_015	301
swing	QxrwmyiOYLQ_020	301
flamenco	ChELLaEZ0Do_123	251
pasodoble	S0a5eQgr94w_909	251
ballet	gREJlNlEhRU_100	301
samba	rqutokxEg34_044	301
rumba	bkepCy7P6tQ_028	301
quickstep	GNOwDih_nsk_011	301
jive	_SOL00vts4Y_050	241
swing	8aC4D_IaxHw_019	251
rumba	rQmRJFC00xg_715	251
ballet	m4A6PLeGIB4_005	251
square	-ZAHtJppIXQ_017	241
pasodoble	6_98feSGkRE_024	251
swing	o_Z3AFKHxSc_045	251
foxtrot	RjsDHJanp-g_035	301
foxtrot	sRAgy-3S9BY_411	301
square	L66k9o_7_QU_036	301
quickstep	IqkDYzkBExw_048	214
waltz	K7M1tOTH_qE_104	301
cha	2GASA28cpck_010	301
pasodoble	y5PUxFENRqY_105	301
ballet	cIFB-GmLGyQ_210	301
jive	1VCCtso_I30_014	251
flamenco	Ozptnm4zbQY_139	251
cha	wTzM1AvV-94_011	301
latin	r5X_IkhkquU_040	251
rumba	tSAsvmhM3eY_017	301
foxtrot	uiAsItFDBsk_516	301
break	T0Hxyi-QPPE_123	301
square	5UYZ3jsFRJE_053	301
pasodoble	-0VmXQA-RaU_032	301
samba	OmsD5qv6uPE_039	251
pasodoble	5eYXpS_UHh8_054	251
pasodoble	oTChqAW5ZK4_033	251
flamenco	D88FTGscSuU_038	300
ballet	hkOijGdD6jo_037	301
rumba	3AD6kE4cQSg_025	251
jive	W1fp_IW3g5w_023	301
quickstep	vT7dR72319I_045	301
flamenco	F-VKHmIG_XQ_037	301
rumba	Ul1EZw7M78U_006	301
break	7NQvL_fUziU_043	301
cha	uzkaV1xapFc_118	301
jive	XvTGTMK2XYU_013	301
quickstep	oGvby4hi9BQ_020	301
rumba	ihk7bZwTIlo_014	301
ballet	9WvQamsXuqI_050	241
tap	hzNRlVa2bUA_021	251
flamenco	gc1HCoFIyKs_024	241
tango	W5WlHF9ZvIc_049	301
flamenco	ijRrDHeAcTg_021	301
square	xVSZB89oGtw_037	241
tap	WxA6OgucAcM_220	241
swing	HP_DW9LjcDk_039	301
waltz	MDky47JdBS0_047	301
latin	sW9TOGfrs8c_202	251
ballet	MUct7h3dxyo_010	251
tap	GLaZR_CZNbw_155	241
swing	RmMkV2yPKAs_033	241
jive	gWvz_N76Tag_047	301
tango	PewFkC3wcL4_033	301
jive	N5BbrzLykOc_033	301
jive	tGNPzBEDo_I_910	251
waltz	Ybapt7P96wI_029	301
swing	ToOYmxoA0Fg_025	251
break	bmcemnynJuU_105	251
waltz	eJDTz-5BDEI_111	301
jive	S2wwo7q91T0_118	251
flamenco	pNGXaNMyA1o_037	301
rumba	VCPQ4q1_AmE_008	301
pasodoble	hNrzgJ_cCBo_027	301
flamenco	KHEBs58npvA_034	300
rumba	IZ13fZbpJzU_022	301
samba	OQLdXQ6d1s4_305	251
foxtrot	ezbpkmExW30_035	301
tap	VI84LYNQdqM_036	301
swing	knNGmAH2TPU_040	251
ballet	OZ97W_rRGiQ_647	251
quickstep	Jh_9kZLCjac_018	301
rumba	1yJUgYNl6yY_052	301
pasodoble	BUW9yKaDIxo_034	268
tap	U3ee8IXNq8I_131	502
ballet	H50e7FgcsQE_033	251
swing	pT2h5WiJ7Qc_140	301
latin	Tz7eGxzEM3Q_044	251
tap	FkUCYlr7r44_044	301
pasodoble	1p7Zm9CRgrI_021	251
rumba	XoUH3WeYu_M_238	301
flamenco	4hbhkIWSX-Q_353	251
foxtrot	fg3Wqr8DzSQ_024	301
swing	k0BgxtFZkoM_019	301
waltz	_U7jIGZ7z-I_044	301
cha	vVPUkd5FNk4_047	251
jive	2fiFzB5bp8E_015	251
jive	egXf1tj7qAc_014	251
latin	QmL0QYsctV0_030	251
quickstep	84oDmFB2uyk_020	301
latin	zXqNSI2OH8g_153	301
break	a9x8Zq6an24_058	301
pasodoble	tG0YSlUaOmU_029	241
pasodoble	ORZQ8I28zAQ_103	301
rumba	XS6s71pfBPQ_119	301
quickstep	NmfDHiMLk58_024	301
quickstep	MAJVSTIVuDM_020	251
tap	YotMwwixPsw_106	251
cha	d5nqrwVcGWE_031	301
flamenco	Wy5nqf_WeWk_210	301
cha	VEeLT-RTCiM_035	301
pasodoble	YUV2U6IC6Hs_053	251
flamenco	0W9fybHUSOs_110	301
jive	hCrnBsJFA0E_012	251
ballet	J9iXXoigZs8_520	251
rumba	4-qRIyou-2U_010	301
ballet	-sEgjXxjxIw_102	145
flamenco	NacCLcjuMFc_141	251
flamenco	SY6Vy9tKW3U_327	251
break	FgH6ZEhKZaQ_143	151
tango	tW6H80y8JgY_019	301
tap	fZyX1EKddK8_002	241
rumba	iaIwMGkk5kY_036	301
tap	OG11vNqwsSM_142	251
square	GauwbSAA1Ag_100	241
tap	3N77MyEBMFQ_010	301
pasodoble	yShShty0SJg_054	301
jive	wMA0TxRsAn0_004	301
square	W8WxxMSpntg_010	301
ballet	XAsMB3eRe6g_007	251
samba	tGNPzBEDo_I_318	251
square	ZLzBWdBswmY_036	301
waltz	AdRl3japXJ4_309	301
pasodoble	tJjn9Tz5htw_049	301
square	z-ybbyzhrF8_035	241
square	PeDx588I6rM_130	301
waltz	uiAsItFDBsk_010	301
tap	o6fseiCsRA4_202	301
tap	AG5StoMM7o0_051	301
swing	6Wql41XtOzE_026	301
pasodoble	hBC-EzG8_xg_034	251
